scid,context,doc_name,doc_context,rcid
112," HYPERLINK \l "_Toc411840819" 7.1	公积金系统升级操作执行表	 PAGEREF _Toc411840819 \h 9",华银制〔2014〕300号__华夏银行信息系统变更管理实施细则.doc,""（1）应用系统版本发布应按照我行信息科技应用系统生产版本发布的有关规定执行。提交版本发布的变更方案应包括但不限于以下内容：变更计划开始时间和结束时间，实施步骤、操作分时计划（含变更中各单位需要配合和确认的工作）、变更回退方案（含回退时间点和完成回退的时间）、变更风险评估、变更影响范围、是否会引起服务中断及服务中断时间、工作量估算、变更应急预案、变更前的备份、测试报告、验证方案等。如变更系统包含多个节点，变更方案要包括每个节点的操作。对于有同城、异地灾备部署的系统，变更方案要包括同城、异地灾备环境的变更操作。方案制定人对变更方案的正确性和完整性负责。",2808
112," HYPERLINK \l "_Toc411840819" 7.1	公积金系统升级操作执行表	 PAGEREF _Toc411840819 \h 9",华银制〔2014〕300号__华夏银行信息系统变更管理实施细则.doc,""标准变更实行准入准出机制。针对日常操作中经常出现，变更方案成熟，技术风险和业务风险均可控的常规变更（如网络端口配置、增加操作系统级用户等，但应用系统版本变更除外），可纳入标准变更管理。受理此类变更的室可向生产调度会提交经室负责人审核的《华夏银行信息系统标准变更申请表》（模板参见附件1），对标准变更申请进行评估，评估通过的申请列入标准变更列表，后续同类变更可按照标准变更流程执行。",2823
112," HYPERLINK \l "_Toc411840819" 7.1	公积金系统升级操作执行表	 PAGEREF _Toc411840819 \h 9",华银制〔2014〕245号__华夏银行信息系统生产数据管理实施细则.doc,""8.5.1总行信息技术部门负责生产运行的室和分行信息技术部门负责建立生产数据非计划性修改台账，每月统计和分析生产数据非计划性修改的系统及次数、修改原因分类等。每季度将统计分析结果报总行信息技术部门负责操作风险管理的室，涉及关键指标时，按照我行操作风险关键风险指标管理相关规定执行。",1643
230,"使用pl用户登录公积金系统主机，执行命令：/u01/pl/trans/startPL.sh，如果输出以下内容，TongEASY启动成功。",华银制〔2014〕314号__华夏银行信息系统事件管理实施细则.doc,""（1）未影响用户使用，但需处置的事件，如不影响金融交易或账务的咨询或服务请求、系统监控告警等；",3346
230,"使用pl用户登录公积金系统主机，执行命令：/u01/pl/trans/startPL.sh，如果输出以下内容，TongEASY启动成功。",华银制〔2014〕314号__华夏银行信息系统事件管理实施细则.doc,""5.3事件报告人为事件发起人，报告事件时应包含但不限于以下内容：事件发生时间及持续时间，事件对业务的影响范围及程度，受事件影响的系统及现象，事件报告人、所在部门（或单位）及联系方式等。",3356
113," HYPERLINK \l "_Toc411840820" 7.2	公积金系统升级操作通讯参数表	 PAGEREF _Toc411840820 \h 9",华银制〔2014〕197号__华夏银行信息系统设备管理办法.doc,""第二十四条 设备的安装应按照生产系统硬件设备安装、升级及备件更换操作流程执行。",90
172,"系统升级操作流程",华银制〔2014〕314号__华夏银行信息系统事件管理实施细则.doc,""（5）违规操作类事件是指操作人员有意或无意未按既定流程、制度、规范等要求进行操作，造成信息系统可用性、完整性、安全性受到破坏的事件。",3314
166,"升级实施人员安排",华银制〔2014〕300号__华夏银行信息系统变更管理实施细则.doc,""重大变更实施前4周和1周，应用系统阶段版本等变更由科技开发部门分管负责人或以上人员牵头，负责项目管理的室组织完成风险评估；不涉及应用系统版本变化的操作系统、数据库、中间件、硬件升级，网络变更，生产机房、灾备机房基础设施和环境改造、场地迁移等由信息技术部门分管负责人或以上人员牵头，负责科技安全的室组织完成风险评估。评估内容包括系统功能缺陷、客户信息泄露、业务中断、交易缓慢或其他因素造成的操作风险、法律风险和声誉风险等。",2770
68,"此模版适用于信息系统升级（含切换或上线）期间的技术操作（软件系统）。",华银制〔2014〕245号__华夏银行信息系统生产数据管理实施细则.doc,""（2）生产数据非计划性修改如涉及以下特殊情况，对总行管理的系统进行生产数据非计划性修改，由总行经办业务部门起草签报，会签内控合规部门、操作风险管理部门，对数据修改的合规性进行审核，报分管行领导审批通过后，作为数据修改申请的附件提交总行信息技术部门负责生产运行的室。对分行管理的系统进行生产数据非计划性修改，由分行经办业务部门起草签报，会签分行内控合规部门，对数据修改的合规性进行审核，报分管行领导审批通过后，作为数据修改申请的附件提交分行信息技术部门。签报至少包括修改原因、修改内容及外部影响等详细内容。",1613
68,"此模版适用于信息系统升级（含切换或上线）期间的技术操作（软件系统）。",华银制〔2014〕245号__华夏银行信息系统生产数据管理实施细则.doc,""（1）对分行（含二级分行）管理的系统进行生产数据非计划性修改，由支行分管副行长（业务范围如不涉及此项可缺省）、分行业务部门负责人、分行信息技术部门负责人、分行分管业务部门的行领导审批。",1619
159,"检查公积金系统网络环境，保证操作终端登录公积金系统应用主备机后台正常。",华银制〔2014〕300号__华夏银行信息系统变更管理实施细则.doc,""重大变更实施前4周和1周，应用系统阶段版本等变更由科技开发部门分管负责人或以上人员牵头，负责项目管理的室组织完成风险评估；不涉及应用系统版本变化的操作系统、数据库、中间件、硬件升级，网络变更，生产机房、灾备机房基础设施和环境改造、场地迁移等由信息技术部门分管负责人或以上人员牵头，负责科技安全的室组织完成风险评估。评估内容包括系统功能缺陷、客户信息泄露、业务中断、交易缓慢或其他因素造成的操作风险、法律风险和声誉风险等。",2770
68,"此模版适用于信息系统升级（含切换或上线）期间的技术操作（软件系统）。",华银制〔2014〕245号__华夏银行信息系统生产数据管理实施细则.doc,""8.1.2生产数据非计划性修改由业务部门牵头组织，负责制定业务方案、参与技术方案的评审以及准生产环境中的测试，组织生产数据非计划性修改的实施，对数据修改的业务合规性、合法性、正确性，以及修改后的业务验证和应急业务处理负责；总行科技开发部门负责系统应用维护的室（分行信息技术部门）负责制定技术方案（包含数据修改操作步骤、应急回退操作步骤等），组织技术方案评审、修改前数据备份、依据技术方案实施数据修改操作和操作过程中的复核工作，对数据修改的可行性、操作正确性，以及修改后的技术验证和应急技术处理负责；信息技术部门负责生产运行的人员负责对数据修改进行统计。",1607
159,"检查公积金系统网络环境，保证操作终端登录公积金系统应用主备机后台正常。",华银制〔2014〕245号__华夏银行信息系统生产数据管理实施细则.doc,""（2）本细则所称生产数据非计划性修改是指由于系统缺陷、操作错误、数据移植错误等原因造成的生产数据错误，但应用系统未提供相应修复功能且需要通过操作系统命令或数据库命令等特殊手段对生产数据直接进行后台修改的操作。",1457
68,"此模版适用于信息系统升级（含切换或上线）期间的技术操作（软件系统）。",华银制〔2014〕245号__华夏银行信息系统生产数据管理实施细则.doc,""8.4.2修改生产数据的脚本、修改计划和应急预案经信息技术部门分管生产运行的负责人和科技开发部门分管系统应用维护的负责人（总行实施时）或分行信息技术部门负责人（分行实施时）审批后方能实施数据修改。总行科技开发部门负责系统应用维护的室技术方案制定人员对修改生产数据脚本、过程、应急预案的正确性负责；总行科技开发部门负责信息系统应用维护的室技术实施人员对操作的正确性负责。分行信息技术部门负责人对修改生产数据脚本、过程、应急预案的正确性、操作的正确性负责。",1632
159,"检查公积金系统网络环境，保证操作终端登录公积金系统应用主备机后台正常。",华银制〔2014〕300号__华夏银行信息系统变更管理实施细则.doc,""（4）重大变更演练期间，信用卡中心、信息科技部门相关室负责组织检查各自系统操作手册中每个步骤的执行情况，确保操作步骤准确无误。负责变更组织的室负责对操作步骤与操作手册的一致性进行抽查。",2791
68,"此模版适用于信息系统升级（含切换或上线）期间的技术操作（软件系统）。",华银制〔2014〕245号__华夏银行信息系统生产数据管理实施细则.doc,""（3）总行业务部门申请对总行管理的系统进行生产数据非计划性修改，由总行业务主管部门负责人审批后提交总行信息技术部门。",1621
68,"此模版适用于信息系统升级（含切换或上线）期间的技术操作（软件系统）。",华银制〔2014〕245号__华夏银行信息系统生产数据管理实施细则.doc,""（2）分行（含二级分行）申请对总行管理的系统进行生产数据非计划性修改，由支行分管副行长（业务范围如不涉及此项可缺省）、分行业务部门负责人、分行信息技术部门负责人、分行业务分管行领导审批，并连同相关材料提交总行业务部门，经总行业务部门分管领导审批同意后，提交总行信息技术部门。",1620
68,"此模版适用于信息系统升级（含切换或上线）期间的技术操作（软件系统）。",华银制〔2014〕245号__华夏银行信息系统生产数据管理实施细则.doc,""（1）技术方案应明确具体的实施时间段（具体到某日某时或某日EOD前/EOD后/日结完成后），包含数据修改的详细步骤（脚本），要求写明操作输入的每个字符，并注明输入后系统反馈的信息，在步骤中要有保证安全性的回退准备，如备份所操作的库表、暂时封锁对库表的操作等。",1625
68,"此模版适用于信息系统升级（含切换或上线）期间的技术操作（软件系统）。",华银制〔2014〕245号__华夏银行信息系统生产数据管理实施细则.doc,""总行科技开发部门负责系统应用维护的室或分行信息技术部门依据业务方案制定技术方案。",1624
68,"此模版适用于信息系统升级（含切换或上线）期间的技术操作（软件系统）。",华银制〔2014〕245号__华夏银行信息系统生产数据管理实施细则.doc,""（2）分行端系统数据修改技术方案应由分行信息技术部门技术人员在测试环境中验证，并将测试结果提交分行信息技术部门负责人审核，若无法进行验证操作应由分行信息技部门负责人在审批流程中说明并制定相应的应急预案。 ",1629
68,"此模版适用于信息系统升级（含切换或上线）期间的技术操作（软件系统）。",华银制〔2014〕245号__华夏银行信息系统生产数据管理实施细则.doc,""（1）总行端数据修改技术方案由科技开发部门负责系统应用维护的室负责人、部门分管负责人，信息技术部门负责科技安全的室负责人等进行审核。审核通过后提交信息技术部门负责生产运行的室负责人审核，通过后若准生产环境具备验证条件的，应在准生产环境中运行修改脚本进行验证，并由申请人员验证修改的正确性，验证通过后，由负责生产运行的室负责人审核测试结果，并提交信息技术部门分管生产运行的负责人审批；如无法进行验证操作，应在审核流程中说明，并制定相应的应急预案后提交信息技术部门分管生产运行的负责人审批。",1628
224,"使用pl用户登录应用主备机，执行",华银制〔2014〕300号__华夏银行信息系统变更管理实施细则.doc,""标准变更实行准入准出机制。针对日常操作中经常出现，变更方案成熟，技术风险和业务风险均可控的常规变更（如网络端口配置、增加操作系统级用户等，但应用系统版本变更除外），可纳入标准变更管理。受理此类变更的室可向生产调度会提交经室负责人审核的《华夏银行信息系统标准变更申请表》（模板参见附件1），对标准变更申请进行评估，评估通过的申请列入标准变更列表，后续同类变更可按照标准变更流程执行。",2823
68,"此模版适用于信息系统升级（含切换或上线）期间的技术操作（软件系统）。",华银制〔2014〕300号__华夏银行信息系统变更管理实施细则.doc,""5.3若在变更实施过程中遇到执行结果与预期结果不一致、执行时间滞后于预估时间、变更实施引发非预期的生产事件、执行过程中断、变更操作与变更方案不一致等情况时，变更实施人应立即向值班人员、变更经理和信息技术部门负责人报告，分行信息技术部门负责人组织采取应急措施。",2908
68,"此模版适用于信息系统升级（含切换或上线）期间的技术操作（软件系统）。",华银制〔2014〕300号__华夏银行信息系统变更管理实施细则.doc,""因特殊情况（如生产系统故障、告警等）确需进行紧急变更的，可采用电话授权或临时召开评审会的方式进行紧急审批；如紧急变更涉及应用程序补丁发布，在紧急上版前必须依据我行应用系统版本发布的有关要求完成审批；其他紧急变更必须在紧急变更实施后一个工作日内补办审批手续。紧急变更需由分行信息技术部门负责人审批同意后方可实施。",2907
159,"检查公积金系统网络环境，保证操作终端登录公积金系统应用主备机后台正常。",华银制〔2014〕300号__华夏银行信息系统变更管理实施细则.doc,""（1）本细则所称应用系统版本变更是指生产环境、灾备环境应用系统（包括程序代码、数据库存储过程脚本等）的升级、改造或功能变更等。",2739
159,"检查公积金系统网络环境，保证操作终端登录公积金系统应用主备机后台正常。",华银制〔2014〕300号__华夏银行信息系统变更管理实施细则.doc,""按照变更内容，变更分为应用系统版本变更、系统配置变更、系统环境和硬件变更、网络变更、生产数据非计划性修改、系统重启、数据清理及系统用户变更等。",2738
159,"检查公积金系统网络环境，保证操作终端登录公积金系统应用主备机后台正常。",华银制〔2014〕300号__华夏银行信息系统变更管理实施细则.doc,""（5）本细则所称生产数据非计划性修改是指由于系统缺陷、操作错误、数据移植错误等原因造成的生产数据错误，但应用系统未提供相应修复功能且需要通过操作系统命令或数据库命令等特殊手段对生产数据直接进行后台修改的操作。",2743
159,"检查公积金系统网络环境，保证操作终端登录公积金系统应用主备机后台正常。",华银制〔2014〕300号__华夏银行信息系统变更管理实施细则.doc,""（2）本细则所称系统配置变更是指与生产环境、灾备环境相关的系统容量变更和系统配置参数变更，包括但不限于数据库空间变更、存储空间变更；非业务前台界面维护的应用系统参数变更；操作系统、中间件、数据库等参数变更、漏洞和补丁修补以及版本变更；信息科技部门通过参数设置界面实现的参数变更等。",2740
159,"检查公积金系统网络环境，保证操作终端登录公积金系统应用主备机后台正常。",华银制〔2014〕300号__华夏银行信息系统变更管理实施细则.doc,""（1）重大变更是指影响全辖或一家（含）以上分行系统服务、业务中断时间3小时（含）以上的重要信息系统以及支持其运行的基础设施变更，包括应用系统阶段版本变更、重大生产环境和硬件变更、网络及核心系统应用架构变更等；其他对我行重要业务运营及重要信息系统的可用性、完整性、安全性具有较大潜在影响的变更等。重大变更计划需经分管信息科技的行领导审批同意，并正式发布。",2747
159,"检查公积金系统网络环境，保证操作终端登录公积金系统应用主备机后台正常。",华银制〔2014〕300号__华夏银行信息系统变更管理实施细则.doc,""（6）本细则所称系统重启、数据清理及系统用户变更主要是指操作系统、数据库、中间件、应用系统的重启，数据清理等对生产系统运行状态产生影响的操作，以及操作系统用户的建立、删除、用户权限及口令修改等操作。",2744
159,"检查公积金系统网络环境，保证操作终端登录公积金系统应用主备机后台正常。",华银制〔2014〕300号__华夏银行信息系统变更管理实施细则.doc,""    重大变更实施前30个工作日，应用系统阶段版本等变更由信息科技部门负责项目管理的室根据需求计划确定变更范围，系统软硬件、网络和生产环境等变更由信息科技部门归口管理室组织确定变更范围，并将确定的变更范围进行发布。",2758
70,"操作手册必须包含系统升级实际操作中的每一项操作步骤。",华银制〔2014〕197号__华夏银行信息系统设备管理办法.doc,""第二十四条 设备的安装应按照生产系统硬件设备安装、升级及备件更换操作流程执行。",90
159,"检查公积金系统网络环境，保证操作终端登录公积金系统应用主备机后台正常。",华银制〔2014〕300号__华夏银行信息系统变更管理实施细则.doc,""（2）重要信息系统基本信息：包括系统名称、业务功能，操作系统、数据库、中间件情况，应用架构、技术架构、数据架构，生产主机备份方案、数据备份方案，运行管理部门和维护支持人员及联系方式，是否已具备灾备环境等。",2762
68,"此模版适用于信息系统升级（含切换或上线）期间的技术操作（软件系统）。",华银制〔2014〕300号__华夏银行信息系统变更管理实施细则.doc,""7.2审计部门应对重要信息系统变更管理和操作等定期开展审计工作，针对发现的问题提出整改意见。",2915
159,"检查公积金系统网络环境，保证操作终端登录公积金系统应用主备机后台正常。",华银制〔2014〕300号__华夏银行信息系统变更管理实施细则.doc,""（1）应用系统版本发布应按照我行信息科技应用系统生产版本发布的有关规定执行。提交版本发布的变更方案应包括但不限于以下内容：变更计划开始时间和结束时间，实施步骤、操作分时计划（含变更中各单位需要配合和确认的工作）、变更回退方案（含回退时间点和完成回退的时间）、变更风险评估、变更影响范围、是否会引起服务中断及服务中断时间、工作量估算、变更应急预案、变更前的备份、测试报告、验证方案等。如变更系统包含多个节点，变更方案要包括每个节点的操作。对于有同城、异地灾备部署的系统，变更方案要包括同城、异地灾备环境的变更操作。方案制定人对变更方案的正确性和完整性负责。",2808
68,"此模版适用于信息系统升级（含切换或上线）期间的技术操作（软件系统）。",华银制〔2014〕245号__华夏银行信息系统生产数据管理实施细则.doc,""7.3.1数据下载方案和脱敏方案由科技开发部门负责系统应用维护的室指定专人制定，方案制定人根据申请单编写数据下载和脱敏的具体操作脚本、详细处理方法（具体要求见《华夏银行生产数据敏感信息脱敏处理方法》（附件7）），下载生产数据如涉及敏感数据，应由数据使用部门和系统应用维护部门共同提出敏感数据脱敏方法。",1563
68,"此模版适用于信息系统升级（含切换或上线）期间的技术操作（软件系统）。",华银制〔2014〕245号__华夏银行信息系统生产数据管理实施细则.doc,""（9）信息技术部门负责生产运行的室负责人评估数据下载操作对生产运行的影响，并提交信息技术部门分管生产运行的负责人审批。",1561
159,"检查公积金系统网络环境，保证操作终端登录公积金系统应用主备机后台正常。",华银制〔2014〕300号__华夏银行信息系统变更管理实施细则.doc,""（3）方案制定人负责组织制定变更方案，变更方案应包括变更计划开始时间和结束时间，实施步骤、操作分时计划（含变更中相关单位需要配合和确认的工作）、变更回退方案（含回退时间点和完成回退的时间）、变更风险评估、变更影响范围、是否会引起服务中断及服务中断时间、工作量估算、变更应急预案、变更前备份、验证方案等，与业务相关的变更还需提交测试报告。如变更系统包含多个节点，变更方案要包括每个节点的操作。对于有同城、异地灾备部署的系统，变更方案要包括同城、异地灾备环境的变更操作。方案制定人对变更方案的正确性和完整性负责。",2814
68,"此模版适用于信息系统升级（含切换或上线）期间的技术操作（软件系统）。",华银制〔2014〕245号__华夏银行信息系统生产数据管理实施细则.doc,""7.4.1信息技术部门负责生产运行的室应建立生产数据下载台账，科技开发部门负责系统应用维护的室要严格按照技术方案实施生产数据下载，下载方案实施人员、复核人员和生产数据使用人员应对已下载生产数据与申请数据的一致性负责，已下载生产数据进行压缩加密，加密规则要求最低不少于6位的数字、字母和特殊字符组成，并将已压缩的数据放置在移交专用机器上，删除操作机器上的临时数据。分行申请下载的数据，由科技开发部门负责系统应用维护的室实施下载，信息技术部门负责生产运行的室通过指定的移交专用机器发送给分行信息技术部门，由分行信息技术部门负责后续移交。",1566
68,"此模版适用于信息系统升级（含切换或上线）期间的技术操作（软件系统）。",华银制〔2014〕300号__华夏银行信息系统变更管理实施细则.doc,""应用系统版本变更方案须经分行信息技术部门负责人审批通过后，变更实施人方可按照变更方案进行实施。",2897
68,"此模版适用于信息系统升级（含切换或上线）期间的技术操作（软件系统）。",华银制〔2014〕300号__华夏银行信息系统变更管理实施细则.doc,""非应用系统版本变更分为分行业务部门提出的变更和分行信息技术部门提出的变更。",2899
159,"检查公积金系统网络环境，保证操作终端登录公积金系统应用主备机后台正常。",华银制〔2014〕300号__华夏银行信息系统变更管理实施细则.doc,""标准变更实行准入准出机制。针对日常操作中经常出现，变更方案成熟，技术风险和业务风险均可控的常规变更（如网络端口配置、增加操作系统级用户等，但应用系统版本变更除外），可纳入标准变更管理。受理此类变更的室可向生产调度会提交经室负责人审核的《华夏银行信息系统标准变更申请表》（模板参见附件1），对标准变更申请进行评估，评估通过的申请列入标准变更列表，后续同类变更可按照标准变更流程执行。",2823
68,"此模版适用于信息系统升级（含切换或上线）期间的技术操作（软件系统）。",华银制〔2014〕245号__华夏银行信息系统生产数据管理实施细则.doc,""（1）信息技术部门负责生产运行的室负责下载生产数据的移交工作，并指定专人操作、监督移交，数据接收人原则上为数据下载申请人。",1580
68,"此模版适用于信息系统升级（含切换或上线）期间的技术操作（软件系统）。",华银制〔2014〕245号__华夏银行信息系统生产数据管理实施细则.doc,""（1）生产数据下载在总行实施的，由总行信息技术部门负责生产运行的室指定专人通过受控网络（不得在生产高峰期进行）将已下载的生产数据传输给分行信息技术部门，分行信息技术部门通过生产数据移交专用机，并指定专人操作、监督移交工作，数据接收人原则上为数据下载申请人。",1587
159,"检查公积金系统网络环境，保证操作终端登录公积金系统应用主备机后台正常。",华银制〔2014〕245号__华夏银行信息系统生产数据管理实施细则.doc,""4.7由科技开发部门负责系统应用维护的室牵头，信息技术部负责系统管理的室配合，按照信息系统的分类，依据本细则在各系统运维手册中制定相应的备份与恢复验证测试详细方案及操作步骤，包括日常备份、特殊日期备份以及备份的具体日期、时间、备份方式、备份介质、保存期限、数据恢复验证测试频率等。",1514
68,"此模版适用于信息系统升级（含切换或上线）期间的技术操作（软件系统）。",华银制〔2014〕300号__华夏银行信息系统变更管理实施细则.doc,""常规变更和标准变更的变更日期要依据年度生产调度表执行，年度生产调度表由信息科技部门负责生产运行的室编制。原则上每周四、周六作为常规变更日，周四或周六如为特殊日期（如结息日、年终决算前二周，国家重大活动开幕、闭幕期间等），由生产调度会确定其他日期作为变更日，每月最后两个工作日原则上不作为变更日。周四变更日原则上不进行与客户相关系统的变更，周六变更日主要实施与客户相关系统的变更、当日不对外服务系统的变更以及超过周四变更日变更总量的变更。",2865
112," HYPERLINK \l "_Toc411840819" 7.1	公积金系统升级操作执行表	 PAGEREF _Toc411840819 \h 9",华银制〔2014〕197号__华夏银行信息系统设备管理办法.doc,""第二十四条 设备的安装应按照生产系统硬件设备安装、升级及备件更换操作流程执行。",90
68,"此模版适用于信息系统升级（含切换或上线）期间的技术操作（软件系统）。",华银制〔2014〕300号__华夏银行信息系统变更管理实施细则.doc,""（2）灾备环境硬件、系统软件及基础设施等变更不需再进行单独审批，在确认对生产环境无影响的前提下，可根据实际需求实施；同城灾备环境实施由负责生产环境变更实施的室负责；异地灾备环境实施由负责应急与灾备管理的室负责，负责生产环境变更实施的室提供技术支持。灾备环境变更实施前，如生产环境需向灾备环境切换，切换前需对灾备环境进行追加变更。",2854
68,"此模版适用于信息系统升级（含切换或上线）期间的技术操作（软件系统）。",华银制〔2014〕245号__华夏银行信息系统生产数据管理实施细则.doc,""5.1.4生产数据管理部门应妥善保管载有在本地前后台计算机系统内安装的全部操作系统软件（含操作系统补丁程序）、数据库、通讯软件、开发工具软件、应用软件及应用软件和数据库的环境参数（库表）等软件和数据的光盘、磁带、软盘等介质。应用软件和银行业务信息属机密档案，应严格采取保密措施存放，并建立登记簿详细记录各介质出入库情况。",1520
68,"此模版适用于信息系统升级（含切换或上线）期间的技术操作（软件系统）。",华银制〔2014〕245号__华夏银行信息系统生产数据管理实施细则.doc,""（7）科技开发部门负责系统应用维护的室负责人审核数据下载申请的可行性，指定下载方案和脱敏方案制定人，同时负责审核下载方案和脱敏方案的正确性，指定实施和监督人员。审核通过后，提交信息技术部门负责科技安全的室。",1559
68,"此模版适用于信息系统升级（含切换或上线）期间的技术操作（软件系统）。",华银制〔2014〕300号__华夏银行信息系统变更管理实施细则.doc,""4.7.2.1变更申请和受理室应充分识别、分析、评估重要信息系统变更风险，包括系统功能缺陷、客户信息泄露、业务中断、交易缓慢或其他因素可能造成的操作风险、法律风险和声誉风险，并牵头形成风险评估报告。",2889
68,"此模版适用于信息系统升级（含切换或上线）期间的技术操作（软件系统）。",华银制〔2014〕245号__华夏银行信息系统生产数据管理实施细则.doc,""（6）信息技术部门负责生产运行的室负责审核数据下载申请资料的完整性，如通过报表或报表项组合可获取申请下载的数据，则无需进行生产数据下载，退回申请表；通过报表或报表项组合不能获取申请下载的数据，则需进行生产数据下载。审核通过后，提交科技开发部门负责系统应用维护的室。",1558
68,"此模版适用于信息系统升级（含切换或上线）期间的技术操作（软件系统）。",华银制〔2014〕245号__华夏银行信息系统生产数据管理实施细则.doc,""（5）信息技术部门负责生产运行的室负责人评估数据下载操作对生产运行的影响，并提交信息技术部门分管生产运行的负责人审批。",1549
68,"此模版适用于信息系统升级（含切换或上线）期间的技术操作（软件系统）。",华银制〔2014〕245号__华夏银行信息系统生产数据管理实施细则.doc,""（3）科技开发部门负责系统应用维护的室负责人审核数据下载申请的可行性，指定下载方案和脱敏方案制定人，同时负责审核下载方案和脱敏方案的正确性，指定实施和监督人员。审核通过后，提交信息技术部门负责科技安全的室。",1547
68,"此模版适用于信息系统升级（含切换或上线）期间的技术操作（软件系统）。",华银制〔2014〕245号__华夏银行信息系统生产数据管理实施细则.doc,""（2）信息技术部门负责生产运行的室负责审核数据下载申请资料的完整性，如通过报表或报表项组合可获取申请下载的数据，则无需进行生产数据下载，退回申请表；通过报表或报表项组合不能获取申请下载的数据，则需进行生产数据下载。审核通过后，提交科技开发部门负责系统应用维护的室。",1546
216,"回退需根据上线指挥指令进行，回退时点遵照上线指挥的指令，应避免在业务时间回退。只回退应用参数配置，不回退业务数据。本次升级未对系统现存表的结构、现存系统参数配置做变更，数据库方面无需回退。新增GTP配置对原有业务无影响，也无需回退。",华银制〔2014〕309号__华夏银行信息系统问题管理实施细则.doc,""5.2 技术和业务人员在系统使用、配置、维护及监控过程中发现的，如不解决可能会影响系统正常运行的情况应提出问题。",3119
216,"回退需根据上线指挥指令进行，回退时点遵照上线指挥的指令，应避免在业务时间回退。只回退应用参数配置，不回退业务数据。本次升级未对系统现存表的结构、现存系统参数配置做变更，数据库方面无需回退。新增GTP配置对原有业务无影响，也无需回退。",华银制〔2014〕309号__华夏银行信息系统问题管理实施细则.doc,""（1）运行环境问题，主要包括机房水电、空调、综合布线等基础设施方面的问题；交换机、路由器、防火墙、通讯线路等网络方面的问题；主机、存储、虚拟化平台等系统硬件方面的问题；操作系统、中间件、数据库等系统软件方面的问题；与系统运行相关的参数配置等方面的问题。",3103
161,"检查公积金系统网络环境，使用pl用户登录应用主机，执行tlmenu命令，查看系统上下级节点是否全部保持联通状态，保证外连TONG节点连接状态正常。",华银制〔2014〕197号__华夏银行信息系统设备管理办法.doc,""第八条 总行信息技术部门负责设备管理的室负责设备固定资产管理，组织验收、盘点、报废技术鉴定等；负责系统管理、机房基础设施管理、网络管理、科技安全管理的室分别是计算机主机和外围设备、机房基础设施设备、网络设备和安全设备的归口管理室，负责设备的日常管理和维护，并参与设备的验收；负责商务管理的室负责设备商务合同管理。",54
216,"回退需根据上线指挥指令进行，回退时点遵照上线指挥的指令，应避免在业务时间回退。只回退应用参数配置，不回退业务数据。本次升级未对系统现存表的结构、现存系统参数配置做变更，数据库方面无需回退。新增GTP配置对原有业务无影响，也无需回退。",华银制〔2014〕309号__华夏银行信息系统问题管理实施细则.doc,""（4）涉及系统平台（含操作系统、数据库、中间件等）相关参数配置等方面的问题，由信息科技部门负责系统管理的室作为问题主责室牵头解决；涉及应用系统参数（含操作系统、数据库、中间件等与应用系统相关的参数）等方面的问题，由信息科技部门负责应用系统维护的室作为问题主责室牵头解决。",3135
161,"检查公积金系统网络环境，使用pl用户登录应用主机，执行tlmenu命令，查看系统上下级节点是否全部保持联通状态，保证外连TONG节点连接状态正常。",华银制〔2014〕197号__华夏银行信息系统设备管理办法.doc,""第二十二条 设备领用时，固定资产实物管理部门对设备进行出库管理，在资源管理信息系统中录入使用机构、领用部门、放置地点、领用人、设备状态、设备用途、所属项目或应用系统等信息，打印固定资产标签并统一粘贴到设备明显位置，并与设备领用部门办理交接手续。",85
166,"升级实施人员安排",华银制〔2014〕300号__华夏银行信息系统变更管理实施细则.doc,""生产调度会原则上每周召开一次，讨论本周变更安排。评估范围原则上包括标准变更和解决P3级（含）以上生产问题或由网络、系统、安全等运维人员主动发起，为解决系统潜在风险进行的常规变更。如果变更不属于标准变更，且不属于解决P3级及以上生产问题的常规变更，变更方案制订人，分管变更方案制定、变更实施的部门负责人及该系统风险总包负责人应参加生产调度会。如参会人员缺席，则与该缺席人员相关的变更不在当周的调度会上讨论，不安排当周实施变更。",2846
159,"检查公积金系统网络环境，保证操作终端登录公积金系统应用主备机后台正常。",华银制〔2014〕245号__华夏银行信息系统生产数据管理实施细则.doc,""7.4.1信息技术部门负责生产运行的室应建立生产数据下载台账，科技开发部门负责系统应用维护的室要严格按照技术方案实施生产数据下载，下载方案实施人员、复核人员和生产数据使用人员应对已下载生产数据与申请数据的一致性负责，已下载生产数据进行压缩加密，加密规则要求最低不少于6位的数字、字母和特殊字符组成，并将已压缩的数据放置在移交专用机器上，删除操作机器上的临时数据。分行申请下载的数据，由科技开发部门负责系统应用维护的室实施下载，信息技术部门负责生产运行的室通过指定的移交专用机器发送给分行信息技术部门，由分行信息技术部门负责后续移交。",1566
159,"检查公积金系统网络环境，保证操作终端登录公积金系统应用主备机后台正常。",华银制〔2014〕245号__华夏银行信息系统生产数据管理实施细则.doc,""7.3.1数据下载方案和脱敏方案由科技开发部门负责系统应用维护的室指定专人制定，方案制定人根据申请单编写数据下载和脱敏的具体操作脚本、详细处理方法（具体要求见《华夏银行生产数据敏感信息脱敏处理方法》（附件7）），下载生产数据如涉及敏感数据，应由数据使用部门和系统应用维护部门共同提出敏感数据脱敏方法。",1563
112," HYPERLINK \l "_Toc411840819" 7.1	公积金系统升级操作执行表	 PAGEREF _Toc411840819 \h 9",华银制〔2014〕300号__华夏银行信息系统变更管理实施细则.doc,""重大变更实施前4周和1周，应用系统阶段版本等变更由科技开发部门分管负责人或以上人员牵头，负责项目管理的室组织完成风险评估；不涉及应用系统版本变化的操作系统、数据库、中间件、硬件升级，网络变更，生产机房、灾备机房基础设施和环境改造、场地迁移等由信息技术部门分管负责人或以上人员牵头，负责科技安全的室组织完成风险评估。评估内容包括系统功能缺陷、客户信息泄露、业务中断、交易缓慢或其他因素造成的操作风险、法律风险和声誉风险等。",2770
112," HYPERLINK \l "_Toc411840819" 7.1	公积金系统升级操作执行表	 PAGEREF _Toc411840819 \h 9",华银制〔2014〕300号__华夏银行信息系统变更管理实施细则.doc,""（4）重大变更演练期间，信用卡中心、信息科技部门相关室负责组织检查各自系统操作手册中每个步骤的执行情况，确保操作步骤准确无误。负责变更组织的室负责对操作步骤与操作手册的一致性进行抽查。",2791
159,"检查公积金系统网络环境，保证操作终端登录公积金系统应用主备机后台正常。",华银制〔2014〕300号__华夏银行信息系统变更管理实施细则.doc,""（1）灾备环境应用系统版本变更、系统配置变更不需再进行单独审批，由负责生产环境变更实施的室负责实施，双活模式应用系统的变更应同步实施，非双活模式应用系统同城灾备环境的变更原则上安排在生产变更后的第一个周三，异地灾备环境变更原则上安排在每季度第一个月的第二周。灾备环境变更实施前，如生产环境需向灾备环境切换，切换前负责生产环境变更实施的室需进行追加变更。",2853
159,"检查公积金系统网络环境，保证操作终端登录公积金系统应用主备机后台正常。",华银制〔2014〕245号__华夏银行信息系统生产数据管理实施细则.doc,""5.1.4生产数据管理部门应妥善保管载有在本地前后台计算机系统内安装的全部操作系统软件（含操作系统补丁程序）、数据库、通讯软件、开发工具软件、应用软件及应用软件和数据库的环境参数（库表）等软件和数据的光盘、磁带、软盘等介质。应用软件和银行业务信息属机密档案，应严格采取保密措施存放，并建立登记簿详细记录各介质出入库情况。",1520
159,"检查公积金系统网络环境，保证操作终端登录公积金系统应用主备机后台正常。",华银制〔2014〕245号__华夏银行信息系统生产数据管理实施细则.doc,""8.1.2生产数据非计划性修改由业务部门牵头组织，负责制定业务方案、参与技术方案的评审以及准生产环境中的测试，组织生产数据非计划性修改的实施，对数据修改的业务合规性、合法性、正确性，以及修改后的业务验证和应急业务处理负责；总行科技开发部门负责系统应用维护的室（分行信息技术部门）负责制定技术方案（包含数据修改操作步骤、应急回退操作步骤等），组织技术方案评审、修改前数据备份、依据技术方案实施数据修改操作和操作过程中的复核工作，对数据修改的可行性、操作正确性，以及修改后的技术验证和应急技术处理负责；信息技术部门负责生产运行的人员负责对数据修改进行统计。",1607
224,"使用pl用户登录应用主备机，执行",华银制〔2014〕300号__华夏银行信息系统变更管理实施细则.doc,""4.6.6重大变更、常规变更和标准变更实施人进入机房或操作间实施变更时，要按照出入机房、操作间要求提出申请，经批准后方可在机房或操作间实施变更，在提交进出机房、操作间申请时，需填写已经批准并计划执行的变更号，变更完成后需将变更完成情况告知值班人员，并在一个工作日内完成变更流程的确认。变更实施时如需使用操作系统用户口令，还应按照我行用户口令管理的相关要求进行申请及使用。",2880
159,"检查公积金系统网络环境，保证操作终端登录公积金系统应用主备机后台正常。",华银制〔2014〕245号__华夏银行信息系统生产数据管理实施细则.doc,""（1）技术方案应明确具体的实施时间段（具体到某日某时或某日EOD前/EOD后/日结完成后），包含数据修改的详细步骤（脚本），要求写明操作输入的每个字符，并注明输入后系统反馈的信息，在步骤中要有保证安全性的回退准备，如备份所操作的库表、暂时封锁对库表的操作等。",1625
159,"检查公积金系统网络环境，保证操作终端登录公积金系统应用主备机后台正常。",华银制〔2014〕245号__华夏银行信息系统生产数据管理实施细则.doc,""（2）分行端系统数据修改技术方案应由分行信息技术部门技术人员在测试环境中验证，并将测试结果提交分行信息技术部门负责人审核，若无法进行验证操作应由分行信息技部门负责人在审批流程中说明并制定相应的应急预案。 ",1629
159,"检查公积金系统网络环境，保证操作终端登录公积金系统应用主备机后台正常。",华银制〔2014〕245号__华夏银行信息系统生产数据管理实施细则.doc,""（1）总行端数据修改技术方案由科技开发部门负责系统应用维护的室负责人、部门分管负责人，信息技术部门负责科技安全的室负责人等进行审核。审核通过后提交信息技术部门负责生产运行的室负责人审核，通过后若准生产环境具备验证条件的，应在准生产环境中运行修改脚本进行验证，并由申请人员验证修改的正确性，验证通过后，由负责生产运行的室负责人审核测试结果，并提交信息技术部门分管生产运行的负责人审批；如无法进行验证操作，应在审核流程中说明，并制定相应的应急预案后提交信息技术部门分管生产运行的负责人审批。",1628
159,"检查公积金系统网络环境，保证操作终端登录公积金系统应用主备机后台正常。",华银制〔2014〕245号__华夏银行信息系统生产数据管理实施细则.doc,""8.4.2修改生产数据的脚本、修改计划和应急预案经信息技术部门分管生产运行的负责人和科技开发部门分管系统应用维护的负责人（总行实施时）或分行信息技术部门负责人（分行实施时）审批后方能实施数据修改。总行科技开发部门负责系统应用维护的室技术方案制定人员对修改生产数据脚本、过程、应急预案的正确性负责；总行科技开发部门负责信息系统应用维护的室技术实施人员对操作的正确性负责。分行信息技术部门负责人对修改生产数据脚本、过程、应急预案的正确性、操作的正确性负责。",1632
159,"检查公积金系统网络环境，保证操作终端登录公积金系统应用主备机后台正常。",华银制〔2014〕245号__华夏银行信息系统生产数据管理实施细则.doc,""8.4.6修改数据操作所用终端不得同时登陆到多个系统打开多个窗口。",1636
230,"使用pl用户登录公积金系统主机，执行命令：/u01/pl/trans/startPL.sh，如果输出以下内容，TongEASY启动成功。",华银制〔2014〕309号__华夏银行信息系统问题管理实施细则.doc,""6.3.1 总行问题主责人负责制定问题解决方案，经所在室负责人审核同意后，在规定时限内牵头解决问题，问题解决方案包括但不限于以下内容：问题解决步骤及分时计划，问题解决人员及分工，问题解决过程对业务及系统的影响评估等。问题在未得到彻底解决前，不允许进行流转与退回。",3140
68,"此模版适用于信息系统升级（含切换或上线）期间的技术操作（软件系统）。",华银制〔2014〕245号__华夏银行信息系统生产数据管理实施细则.doc,""8.5.1总行信息技术部门负责生产运行的室和分行信息技术部门负责建立生产数据非计划性修改台账，每月统计和分析生产数据非计划性修改的系统及次数、修改原因分类等。每季度将统计分析结果报总行信息技术部门负责操作风险管理的室，涉及关键指标时，按照我行操作风险关键风险指标管理相关规定执行。",1643
68,"此模版适用于信息系统升级（含切换或上线）期间的技术操作（软件系统）。",华银制〔2014〕245号__华夏银行信息系统生产数据管理实施细则.doc,""9.1总行信息技术部门负责操作风险管理的室或分行信息技术部门应定期对生产数据下载和非计划性修改的申请、审批、下载、脱敏、传输、存储、使用、修改、销毁等操作行为进行监督与检查，对存在的问题督促整改。",1649
230,"使用pl用户登录公积金系统主机，执行命令：/u01/pl/trans/startPL.sh，如果输出以下内容，TongEASY启动成功。",华银制〔2014〕309号__华夏银行信息系统问题管理实施细则.doc,""（1）经所在室负责人审核同意，问题提出人向总行问题经理提交问题单。问题单包括但不限于以下内容：发生问题的系统名称、发生时间、现象描述、业务影响范围和影响程度、问题提出人、所在部门及联系方式等。",3123
193,"使用pl用户登录应用主机，执行",华银制〔2014〕300号__华夏银行信息系统变更管理实施细则.doc,""4.6.6重大变更、常规变更和标准变更实施人进入机房或操作间实施变更时，要按照出入机房、操作间要求提出申请，经批准后方可在机房或操作间实施变更，在提交进出机房、操作间申请时，需填写已经批准并计划执行的变更号，变更完成后需将变更完成情况告知值班人员，并在一个工作日内完成变更流程的确认。变更实施时如需使用操作系统用户口令，还应按照我行用户口令管理的相关要求进行申请及使用。",2880
193,"使用pl用户登录应用主机，执行",华银制〔2014〕300号__华夏银行信息系统变更管理实施细则.doc,""标准变更实行准入准出机制。针对日常操作中经常出现，变更方案成熟，技术风险和业务风险均可控的常规变更（如网络端口配置、增加操作系统级用户等，但应用系统版本变更除外），可纳入标准变更管理。受理此类变更的室可向生产调度会提交经室负责人审核的《华夏银行信息系统标准变更申请表》（模板参见附件1），对标准变更申请进行评估，评估通过的申请列入标准变更列表，后续同类变更可按照标准变更流程执行。",2823
68,"此模版适用于信息系统升级（含切换或上线）期间的技术操作（软件系统）。",华银制〔2014〕197号__华夏银行信息系统设备管理办法.doc,""第十七条 总行设备的稳定运行验收由信息技术部门负责设备管理的室负责。设备完成现场验收，并经过合同规定的稳定运行期后，由负责设备管理的室组织设备归口管理室、负责项目技术实施的室（根据单个项目需求进行采购的设备稳定运行验收时参加）以及供货商人员等组成稳定运行验收工作组，进行设备稳定运行验收，并填写《华夏银行信息系统设备稳定运行验收单》（模板详见附件4）。设备稳定运行验收内容包括：",70
68,"此模版适用于信息系统升级（含切换或上线）期间的技术操作（软件系统）。",华银制〔2014〕197号__华夏银行信息系统设备管理办法.doc,""第二十一条 固定资产实物管理部门负责设备的入库管理，在收到信息技术部门提交的设备移交手续后登录资源管理信息系统，核对设备合同和到货清单，录入合同到货型号、类型、厂商、产品序列号、合同号、设备来源和资金来源等信息。",84
68,"此模版适用于信息系统升级（含切换或上线）期间的技术操作（软件系统）。",华银制〔2014〕197号__华夏银行信息系统设备管理办法.doc,""（四）根据信息系统变更或设备升级、改造、维修、调拨、迁移等情况，及时更新资源管理信息系统有关设备信息。",83
68,"此模版适用于信息系统升级（含切换或上线）期间的技术操作（软件系统）。",华银制〔2014〕197号__华夏银行信息系统设备管理办法.doc,""第二十四条 设备的安装应按照生产系统硬件设备安装、升级及备件更换操作流程执行。",90
68,"此模版适用于信息系统升级（含切换或上线）期间的技术操作（软件系统）。",华银制〔2014〕197号__华夏银行信息系统设备管理办法.doc,""第二十九条 设备维修前，信息技术部门设备归口管理室须将存贮介质内涉及的数据信息按照生产数据管理的有关要求进行处理并彻底清除，确保数据安全。维修完成后，由设备归口管理室人员在相关的设备维修单上签字确认。如设备进行更换的，归口管理室人员应在资源管理信息系统中进行设备信息更新。当外单位维修人员进行现场维修时，必须由设备归口管理室人员陪同，以保证设备和信息的安全。",98
68,"此模版适用于信息系统升级（含切换或上线）期间的技术操作（软件系统）。",华银制〔2014〕197号__华夏银行信息系统设备管理办法.doc,""五、在附件中明确了总行信息系统设备验收的具体操作流程。",27
68,"此模版适用于信息系统升级（含切换或上线）期间的技术操作（软件系统）。",华银制〔2014〕197号__华夏银行信息系统设备管理办法.doc,""四、简化了信息系统设备报废技术鉴定流程。",26
68,"此模版适用于信息系统升级（含切换或上线）期间的技术操作（软件系统）。",华银制〔2014〕197号__华夏银行信息系统设备管理办法.doc,""第十条 总行信息技术部门负责系统管理、机房基础设施管理、网络管理和科技安全管理的室，须设立设备协管员，负责辖内设备实物帐登记，协助负责设备管理的室进行设备的盘点、报废等工作，参与设备验收工作。",56
68,"此模版适用于信息系统升级（含切换或上线）期间的技术操作（软件系统）。",华银制〔2014〕197号__华夏银行信息系统设备管理办法.doc,""第八条 总行信息技术部门负责设备管理的室负责设备固定资产管理，组织验收、盘点、报废技术鉴定等；负责系统管理、机房基础设施管理、网络管理、科技安全管理的室分别是计算机主机和外围设备、机房基础设施设备、网络设备和安全设备的归口管理室，负责设备的日常管理和维护，并参与设备的验收；负责商务管理的室负责设备商务合同管理。",54
68,"此模版适用于信息系统升级（含切换或上线）期间的技术操作（软件系统）。",华银制〔2014〕197号__华夏银行信息系统设备管理办法.doc,""第十三条 总行设备到货验收由信息技术部门负责机房值班管理的室负责。负责机房值班管理的室组织设备归口管理室、负责项目技术实施的室（根据单个项目需求进行采购的设备到货验收时参加）以及供货商人员组成到货验收工作组，根据与供货商签订的设备采购合同及供货商提供的设备清单对设备的数量及型号进行验收，并填写《华夏银行信息系统设备到货验收单》（模板详见附件2）。",61
68,"此模版适用于信息系统升级（含切换或上线）期间的技术操作（软件系统）。",华银制〔2014〕197号__华夏银行信息系统设备管理办法.doc,""第十六条 总行设备的现场验收由信息技术部门负责设备管理的室负责。由负责设备管理的室组织设备归口管理室、负责项目技术实施的室（根据单个项目需求进行采购的设备现场验收时参加）以及供货商人员组成设备现场验收工作组，按照设备购置标准及合同要求，对设备进行现场验收，并填写《华夏银行信息系统设备现场验收单》（模板详见附件3）。设备现场验收内容包括：",65
112," HYPERLINK \l "_Toc411840819" 7.1	公积金系统升级操作执行表	 PAGEREF _Toc411840819 \h 9",华银制〔2014〕332号__华夏银行分行信息系统业务操作与信息科技管理评价办法.doc,""现将修订后的《华夏银行分行信息系统业务操作与信息科技管理评价办法》印发给你们，请认真学习，遵照执行。",3460
230,"使用pl用户登录公积金系统主机，执行命令：/u01/pl/trans/startPL.sh，如果输出以下内容，TongEASY启动成功。",华银制〔2014〕332号__华夏银行分行信息系统业务操作与信息科技管理评价办法.doc,""（一）基础设施管理，重点包括机房环境设施、网络管理、主机系统与数据库管理、设备管理等内容。",3483
230,"使用pl用户登录公积金系统主机，执行命令：/u01/pl/trans/startPL.sh，如果输出以下内容，TongEASY启动成功。",华银制〔2014〕332号__华夏银行分行信息系统业务操作与信息科技管理评价办法.doc,""第六条 分行信息系统业务操作与信息科技管理评价指标设置基础设施管理、系统运维管理、信息系统业务操作管理、信息安全管理、项目管理、组织管理、信息科技综合管理七个评价领域。各评价领域重点包括以下内容：",3482
213,"计划执行时间2月26日20:30，由西安分行负责。",华银制〔2014〕300号__华夏银行信息系统变更管理实施细则.doc,""（1）应用系统版本发布应按照我行信息科技应用系统生产版本发布的有关规定执行。提交版本发布的变更方案应包括但不限于以下内容：变更计划开始时间和结束时间，实施步骤、操作分时计划（含变更中各单位需要配合和确认的工作）、变更回退方案（含回退时间点和完成回退的时间）、变更风险评估、变更影响范围、是否会引起服务中断及服务中断时间、工作量估算、变更应急预案、变更前的备份、测试报告、验证方案等。如变更系统包含多个节点，变更方案要包括每个节点的操作。对于有同城、异地灾备部署的系统，变更方案要包括同城、异地灾备环境的变更操作。方案制定人对变更方案的正确性和完整性负责。",2808
213,"计划执行时间2月26日20:30，由西安分行负责。",华银制〔2014〕300号__华夏银行信息系统变更管理实施细则.doc,""（3）方案制定人负责组织制定变更方案，变更方案应包括变更计划开始时间和结束时间，实施步骤、操作分时计划（含变更中相关单位需要配合和确认的工作）、变更回退方案（含回退时间点和完成回退的时间）、变更风险评估、变更影响范围、是否会引起服务中断及服务中断时间、工作量估算、变更应急预案、变更前备份、验证方案等，与业务相关的变更还需提交测试报告。如变更系统包含多个节点，变更方案要包括每个节点的操作。对于有同城、异地灾备部署的系统，变更方案要包括同城、异地灾备环境的变更操作。方案制定人对变更方案的正确性和完整性负责。",2814
213,"计划执行时间2月26日20:30，由西安分行负责。",华银制〔2014〕300号__华夏银行信息系统变更管理实施细则.doc,""生产调度会负责对计划实施的标准变更和解决P3级及以上生产问题常规变更的工作量、变更对日结批处理进度的影响、变更之间是否有时间依赖关系、变更对灾备环境的影响等内容进行评估，最大可能的规避变更风险。",2724
159,"检查公积金系统网络环境，保证操作终端登录公积金系统应用主备机后台正常。",华银制〔2014〕332号__华夏银行分行信息系统业务操作与信息科技管理评价办法.doc,""第二条 本办法所称信息系统业务操作，是指信息系统用户操作应用功能完成相关业务处理的动作。信息系统用户包括柜面人员和业务管理人员（统称业务人员）。",3476
159,"检查公积金系统网络环境，保证操作终端登录公积金系统应用主备机后台正常。",华银制〔2014〕332号__华夏银行分行信息系统业务操作与信息科技管理评价办法.doc,""（一）基础设施管理，重点包括机房环境设施、网络管理、主机系统与数据库管理、设备管理等内容。",3483
216,"回退需根据上线指挥指令进行，回退时点遵照上线指挥的指令，应避免在业务时间回退。只回退应用参数配置，不回退业务数据。本次升级未对系统现存表的结构、现存系统参数配置做变更，数据库方面无需回退。新增GTP配置对原有业务无影响，也无需回退。",华银制〔2014〕300号__华夏银行信息系统变更管理实施细则.doc,""标准变更实行准入准出机制。针对日常操作中经常出现，变更方案成熟，技术风险和业务风险均可控的常规变更（如网络端口配置、增加操作系统级用户等，但应用系统版本变更除外），可纳入标准变更管理。受理此类变更的室可向生产调度会提交经室负责人审核的《华夏银行信息系统标准变更申请表》（模板参见附件1），对标准变更申请进行评估，评估通过的申请列入标准变更列表，后续同类变更可按照标准变更流程执行。",2823
216,"回退需根据上线指挥指令进行，回退时点遵照上线指挥的指令，应避免在业务时间回退。只回退应用参数配置，不回退业务数据。本次升级未对系统现存表的结构、现存系统参数配置做变更，数据库方面无需回退。新增GTP配置对原有业务无影响，也无需回退。",华银制〔2014〕300号__华夏银行信息系统变更管理实施细则.doc,""（3）方案制定人负责组织制定变更方案，变更方案应包括变更计划开始时间和结束时间，实施步骤、操作分时计划（含变更中相关单位需要配合和确认的工作）、变更回退方案（含回退时间点和完成回退的时间）、变更风险评估、变更影响范围、是否会引起服务中断及服务中断时间、工作量估算、变更应急预案、变更前备份、验证方案等，与业务相关的变更还需提交测试报告。如变更系统包含多个节点，变更方案要包括每个节点的操作。对于有同城、异地灾备部署的系统，变更方案要包括同城、异地灾备环境的变更操作。方案制定人对变更方案的正确性和完整性负责。",2814
216,"回退需根据上线指挥指令进行，回退时点遵照上线指挥的指令，应避免在业务时间回退。只回退应用参数配置，不回退业务数据。本次升级未对系统现存表的结构、现存系统参数配置做变更，数据库方面无需回退。新增GTP配置对原有业务无影响，也无需回退。",华银制〔2014〕300号__华夏银行信息系统变更管理实施细则.doc,""生产调度会由信息技术部门数据中心负责人或以上人员主持，参会人员包括信息科技部门负责科技安全、生产运行、系统管理、应急与灾备、网络管理、项目管理、质量与版本管理、测试、变更方案制定室、变更实施室负责人或指定代理人（指定代理人需熟悉本室业务）以及其它与生产调度管理相关的人员。通过参数设置界面实现的核心系统控制参数变更，参数设置方案制定室和实施室负责人或指定代理人须参会。",2845
205,"使用pl用户登录公积金系统主机，执行命令：/u01/pl/trans/startPL.sh，如果输出以下内容，TongEASY启动成功。",华银制〔2014〕309号__华夏银行信息系统问题管理实施细则.doc,""6.3.1 总行问题主责人负责制定问题解决方案，经所在室负责人审核同意后，在规定时限内牵头解决问题，问题解决方案包括但不限于以下内容：问题解决步骤及分时计划，问题解决人员及分工，问题解决过程对业务及系统的影响评估等。问题在未得到彻底解决前，不允许进行流转与退回。",3140
216,"回退需根据上线指挥指令进行，回退时点遵照上线指挥的指令，应避免在业务时间回退。只回退应用参数配置，不回退业务数据。本次升级未对系统现存表的结构、现存系统参数配置做变更，数据库方面无需回退。新增GTP配置对原有业务无影响，也无需回退。",华银制〔2014〕245号__华夏银行信息系统生产数据管理实施细则.doc,""5.1.4生产数据管理部门应妥善保管载有在本地前后台计算机系统内安装的全部操作系统软件（含操作系统补丁程序）、数据库、通讯软件、开发工具软件、应用软件及应用软件和数据库的环境参数（库表）等软件和数据的光盘、磁带、软盘等介质。应用软件和银行业务信息属机密档案，应严格采取保密措施存放，并建立登记簿详细记录各介质出入库情况。",1520
191,"无更新数据库表结构和初始化新增系统参数设置。",华银制〔2014〕245号__华夏银行信息系统生产数据管理实施细则.doc,""5.1.4生产数据管理部门应妥善保管载有在本地前后台计算机系统内安装的全部操作系统软件（含操作系统补丁程序）、数据库、通讯软件、开发工具软件、应用软件及应用软件和数据库的环境参数（库表）等软件和数据的光盘、磁带、软盘等介质。应用软件和银行业务信息属机密档案，应严格采取保密措施存放，并建立登记簿详细记录各介质出入库情况。",1520
191,"无更新数据库表结构和初始化新增系统参数设置。",华银制〔2014〕300号__华夏银行信息系统变更管理实施细则.doc,""生产调度会由信息技术部门数据中心负责人或以上人员主持，参会人员包括信息科技部门负责科技安全、生产运行、系统管理、应急与灾备、网络管理、项目管理、质量与版本管理、测试、变更方案制定室、变更实施室负责人或指定代理人（指定代理人需熟悉本室业务）以及其它与生产调度管理相关的人员。通过参数设置界面实现的核心系统控制参数变更，参数设置方案制定室和实施室负责人或指定代理人须参会。",2845
213,"计划执行时间2月26日20:30，由西安分行负责。",华银制〔2014〕300号__华夏银行信息系统变更管理实施细则.doc,""4.6.4实施过程中出现执行结果与预期结果不一致、执行时间滞后于预估时间、变更实施引发非预期的生产事件、执行过程中断等情况时，实施人应立即向值班经理和所在室负责人报告，值班经理向部门分管负责人或变更总指挥、涉及的关键系统风险总包负责人报告，部门分管负责人或变更总指挥负责组织采取应急措施。",2878
163,"分行可以通过web端进行查询",华银制〔2014〕332号__华夏银行分行信息系统业务操作与信息科技管理评价办法.doc,""第三条 本办法所称信息系统业务操作与信息科技管理评价，是对分行信息科技基础设施管理、系统运维管理、信息系统业务操作管理、信息安全管理、项目管理、组织管理、信息科技综合管理等方面进行的全面评价。通过设立评价指标，客观、真实地反映分行信息科技管理现状，对分行信息科技管理做出分类评价。",3477
205,"使用pl用户登录公积金系统主机，执行命令：/u01/pl/trans/startPL.sh，如果输出以下内容，TongEASY启动成功。",华银制〔2014〕314号__华夏银行信息系统事件管理实施细则.doc,""（1）未影响用户使用，但需处置的事件，如不影响金融交易或账务的咨询或服务请求、系统监控告警等；",3346
205,"使用pl用户登录公积金系统主机，执行命令：/u01/pl/trans/startPL.sh，如果输出以下内容，TongEASY启动成功。",华银制〔2014〕314号__华夏银行信息系统事件管理实施细则.doc,""5.3事件报告人为事件发起人，报告事件时应包含但不限于以下内容：事件发生时间及持续时间，事件对业务的影响范围及程度，受事件影响的系统及现象，事件报告人、所在部门（或单位）及联系方式等。",3356
191,"无更新数据库表结构和初始化新增系统参数设置。",华银制〔2014〕300号__华夏银行信息系统变更管理实施细则.doc,""（2）本细则所称系统配置变更是指与生产环境、灾备环境相关的系统容量变更和系统配置参数变更，包括但不限于数据库空间变更、存储空间变更；非业务前台界面维护的应用系统参数变更；操作系统、中间件、数据库等参数变更、漏洞和补丁修补以及版本变更；信息科技部门通过参数设置界面实现的参数变更等。",2740
243,"公积金系统升级操作执行表",华银制〔2014〕197号__华夏银行信息系统设备管理办法.doc,""第二十四条 设备的安装应按照生产系统硬件设备安装、升级及备件更换操作流程执行。",90
205,"使用pl用户登录公积金系统主机，执行命令：/u01/pl/trans/startPL.sh，如果输出以下内容，TongEASY启动成功。",华银制〔2014〕332号__华夏银行分行信息系统业务操作与信息科技管理评价办法.doc,""第六条 分行信息系统业务操作与信息科技管理评价指标设置基础设施管理、系统运维管理、信息系统业务操作管理、信息安全管理、项目管理、组织管理、信息科技综合管理七个评价领域。各评价领域重点包括以下内容：",3482
205,"使用pl用户登录公积金系统主机，执行命令：/u01/pl/trans/startPL.sh，如果输出以下内容，TongEASY启动成功。",华银制〔2014〕332号__华夏银行分行信息系统业务操作与信息科技管理评价办法.doc,""（一）基础设施管理，重点包括机房环境设施、网络管理、主机系统与数据库管理、设备管理等内容。",3483
137,"本次升级总行无程序升级，只需要加入相关应用配置文件即可。",华银制〔2014〕309号__华夏银行信息系统问题管理实施细则.doc,""（4）涉及系统平台（含操作系统、数据库、中间件等）相关参数配置等方面的问题，由信息科技部门负责系统管理的室作为问题主责室牵头解决；涉及应用系统参数（含操作系统、数据库、中间件等与应用系统相关的参数）等方面的问题，由信息科技部门负责应用系统维护的室作为问题主责室牵头解决。",3135
172,"系统升级操作流程",华银制〔2014〕300号__华夏银行信息系统变更管理实施细则.doc,""标准变更实行准入准出机制。针对日常操作中经常出现，变更方案成熟，技术风险和业务风险均可控的常规变更（如网络端口配置、增加操作系统级用户等，但应用系统版本变更除外），可纳入标准变更管理。受理此类变更的室可向生产调度会提交经室负责人审核的《华夏银行信息系统标准变更申请表》（模板参见附件1），对标准变更申请进行评估，评估通过的申请列入标准变更列表，后续同类变更可按照标准变更流程执行。",2823
159,"检查公积金系统网络环境，保证操作终端登录公积金系统应用主备机后台正常。",华银制〔2014〕314号__华夏银行信息系统事件管理实施细则.doc,""二线支持人员负责处置服务台分派的事件。总、分行信息科技部门负责应用系统、操作系统、中间件、数据库、网络、基础设施、安全、需求、灾备等工作的人员作为二线支持人员，必要时还可请外部专家协助处置事件。二线支持人员主要职责为：",3284
159,"检查公积金系统网络环境，保证操作终端登录公积金系统应用主备机后台正常。",华银制〔2014〕314号__华夏银行信息系统事件管理实施细则.doc,""（1）C级普通事件（Ⅶ级）：服务台受理C级普通事件后，第一时间进行分析，对无法处置的事件及时上报事件经理，并分派给应用系统、操作系统、中间件、数据库、网络、基础设施、安全、需求等相应的二线支持人员；二线支持人员在C级普通事件处置时限内及时处置。服务台负责跟踪事件处置进展，如在规定处置时限内未及时解决，服务台要上报事件经理，由事件经理通知受理人所在室负责人督促事件尽快解决。",3363
159,"检查公积金系统网络环境，保证操作终端登录公积金系统应用主备机后台正常。",华银制〔2014〕314号__华夏银行信息系统事件管理实施细则.doc,""二线支持人员接收到B级普通事件后，应第一时间赶赴现场或其他指定地点，对事件进行分析和处置，根据事件处置情况与相关应用系统、操作系统、中间件、数据库、网络、基础设施、安全、需求等其他二线支持人员电话联系，共同对事件进行分析和处置；如10分钟之内无法通过电话指导解决，上述相关人员应立即到现场或安排有处置能力的人到现场解决。",3365
159,"检查公积金系统网络环境，保证操作终端登录公积金系统应用主备机后台正常。",华银制〔2014〕314号__华夏银行信息系统事件管理实施细则.doc,""按照事件发生原因，事件分为系统故障类事件、网络故障类事件、基础设施故障类事件、数据安全类事件、违规操作类事件、病毒爆发类事件、自然灾害类事件、预警类事件、服务请求类事件和其它类事件等。",3309
159,"检查公积金系统网络环境，保证操作终端登录公积金系统应用主备机后台正常。",华银制〔2014〕314号__华夏银行信息系统事件管理实施细则.doc,""（8）预警类事件是指由监控系统、监控人员、维护人员发现的应用系统、操作系统、数据库、中间件、网络、硬件设备及基础设施等告警。",3317
91," HYPERLINK \l "_Toc411840798" 2	系统升级操作流程	 PAGEREF _Toc411840798 \h 5",华银制〔2014〕197号__华夏银行信息系统设备管理办法.doc,""第二十四条 设备的安装应按照生产系统硬件设备安装、升级及备件更换操作流程执行。",90
172,"系统升级操作流程",华银制〔2014〕300号__华夏银行信息系统变更管理实施细则.doc,""（3）重大变更实施方案正式发布后，原则上不允许修改。如需修改，应参照信息科技年度应用系统软硬件升级及演练计划管理流程的要求，变更提出室以书面形式说明变更内容、变更原因、变更影响分析和变更风险评估等，经室负责人、部门分管负责人签字同意，提请变更实施总指挥审批同意后，根据审批意见修订方案并重新发布。",2779
172,"系统升级操作流程",华银制〔2014〕300号__华夏银行信息系统变更管理实施细则.doc,""重大变更实施前4周和1周，应用系统阶段版本等变更由科技开发部门分管负责人或以上人员牵头，负责项目管理的室组织完成风险评估；不涉及应用系统版本变化的操作系统、数据库、中间件、硬件升级，网络变更，生产机房、灾备机房基础设施和环境改造、场地迁移等由信息技术部门分管负责人或以上人员牵头，负责科技安全的室组织完成风险评估。评估内容包括系统功能缺陷、客户信息泄露、业务中断、交易缓慢或其他因素造成的操作风险、法律风险和声誉风险等。",2770
91," HYPERLINK \l "_Toc411840798" 2	系统升级操作流程	 PAGEREF _Toc411840798 \h 5",华银制〔2014〕197号__华夏银行信息系统设备管理办法.doc,""五、在附件中明确了总行信息系统设备验收的具体操作流程。",27
216,"回退需根据上线指挥指令进行，回退时点遵照上线指挥的指令，应避免在业务时间回退。只回退应用参数配置，不回退业务数据。本次升级未对系统现存表的结构、现存系统参数配置做变更，数据库方面无需回退。新增GTP配置对原有业务无影响，也无需回退。",华银制〔2014〕300号__华夏银行信息系统变更管理实施细则.doc,""（2）本细则所称系统配置变更是指与生产环境、灾备环境相关的系统容量变更和系统配置参数变更，包括但不限于数据库空间变更、存储空间变更；非业务前台界面维护的应用系统参数变更；操作系统、中间件、数据库等参数变更、漏洞和补丁修补以及版本变更；信息科技部门通过参数设置界面实现的参数变更等。",2740
216,"回退需根据上线指挥指令进行，回退时点遵照上线指挥的指令，应避免在业务时间回退。只回退应用参数配置，不回退业务数据。本次升级未对系统现存表的结构、现存系统参数配置做变更，数据库方面无需回退。新增GTP配置对原有业务无影响，也无需回退。",华银制〔2014〕245号__华夏银行信息系统生产数据管理实施细则.doc,""生产数据备份分为系统级备份、业务数据备份与应用程序备份。系统级备份是指生产系统所使用的操作系统、数据库、中间件等基础软件的备份；业务数据备份是指生产系统所产生的数据文件、数据记录以及数据库归档日志等数据的备份；应用程序备份是指应用程序相关程序代码以及配置文件的备份。",1485
181,"备份系统应用配置",华银制〔2014〕309号__华夏银行信息系统问题管理实施细则.doc,""（4）涉及系统平台（含操作系统、数据库、中间件等）相关参数配置等方面的问题，由信息科技部门负责系统管理的室作为问题主责室牵头解决；涉及应用系统参数（含操作系统、数据库、中间件等与应用系统相关的参数）等方面的问题，由信息科技部门负责应用系统维护的室作为问题主责室牵头解决。",3135
69,"操作手册为新创建时，无需填写“变更内容”、“变更原因”；评审后如有变更的，必须填写《操作手册创建、变更记录表》。",华银制〔2014〕332号__华夏银行分行信息系统业务操作与信息科技管理评价办法.doc,""第八条 重点评价内容是对各评价项进行细化、提出评价期内必须达到的目标要求；评价标准是评价期内加、减分的依据，具体依据是根据总行印发的相关制度、各种文件要求、信息系统操作手册和流程手册等制定。",3491
172,"系统升级操作流程",华银制〔2014〕332号__华夏银行分行信息系统业务操作与信息科技管理评价办法.doc,""第八条 重点评价内容是对各评价项进行细化、提出评价期内必须达到的目标要求；评价标准是评价期内加、减分的依据，具体依据是根据总行印发的相关制度、各种文件要求、信息系统操作手册和流程手册等制定。",3491
159,"检查公积金系统网络环境，保证操作终端登录公积金系统应用主备机后台正常。",华银制〔2014〕309号__华夏银行信息系统问题管理实施细则.doc,""（1）运行环境问题，主要包括机房水电、空调、综合布线等基础设施方面的问题；交换机、路由器、防火墙、通讯线路等网络方面的问题；主机、存储、虚拟化平台等系统硬件方面的问题；操作系统、中间件、数据库等系统软件方面的问题；与系统运行相关的参数配置等方面的问题。",3103
159,"检查公积金系统网络环境，保证操作终端登录公积金系统应用主备机后台正常。",华银制〔2014〕309号__华夏银行信息系统问题管理实施细则.doc,""3.1 按问题发生原因不同，问题分为运行环境问题、程序缺陷问题、应用系统集成架构问题和需求优化问题。",3102
91," HYPERLINK \l "_Toc411840798" 2	系统升级操作流程	 PAGEREF _Toc411840798 \h 5",华银制〔2014〕332号__华夏银行分行信息系统业务操作与信息科技管理评价办法.doc,""第八条 重点评价内容是对各评价项进行细化、提出评价期内必须达到的目标要求；评价标准是评价期内加、减分的依据，具体依据是根据总行印发的相关制度、各种文件要求、信息系统操作手册和流程手册等制定。",3491
163,"分行可以通过web端进行查询",华银制〔2014〕245号__华夏银行信息系统生产数据管理实施细则.doc,""7.4.1信息技术部门负责生产运行的室应建立生产数据下载台账，科技开发部门负责系统应用维护的室要严格按照技术方案实施生产数据下载，下载方案实施人员、复核人员和生产数据使用人员应对已下载生产数据与申请数据的一致性负责，已下载生产数据进行压缩加密，加密规则要求最低不少于6位的数字、字母和特殊字符组成，并将已压缩的数据放置在移交专用机器上，删除操作机器上的临时数据。分行申请下载的数据，由科技开发部门负责系统应用维护的室实施下载，信息技术部门负责生产运行的室通过指定的移交专用机器发送给分行信息技术部门，由分行信息技术部门负责后续移交。",1566
163,"分行可以通过web端进行查询",华银制〔2014〕300号__华夏银行信息系统变更管理实施细则.doc,""应用系统版本变更方案须经分行信息技术部门负责人审批通过后，变更实施人方可按照变更方案进行实施。",2897
163,"分行可以通过web端进行查询",华银制〔2014〕245号__华夏银行信息系统生产数据管理实施细则.doc,""（1）生产数据下载在总行实施的，由总行信息技术部门负责生产运行的室指定专人通过受控网络（不得在生产高峰期进行）将已下载的生产数据传输给分行信息技术部门，分行信息技术部门通过生产数据移交专用机，并指定专人操作、监督移交工作，数据接收人原则上为数据下载申请人。",1587
219,"使用pl用户登录应用主机。执行命令：/u01/pl/trans/stopPL.sh",华银制〔2014〕300号__华夏银行信息系统变更管理实施细则.doc,""4.6.6重大变更、常规变更和标准变更实施人进入机房或操作间实施变更时，要按照出入机房、操作间要求提出申请，经批准后方可在机房或操作间实施变更，在提交进出机房、操作间申请时，需填写已经批准并计划执行的变更号，变更完成后需将变更完成情况告知值班人员，并在一个工作日内完成变更流程的确认。变更实施时如需使用操作系统用户口令，还应按照我行用户口令管理的相关要求进行申请及使用。",2880
163,"分行可以通过web端进行查询",华银制〔2014〕245号__华夏银行信息系统生产数据管理实施细则.doc,""（2）生产数据非计划性修改如涉及以下特殊情况，对总行管理的系统进行生产数据非计划性修改，由总行经办业务部门起草签报，会签内控合规部门、操作风险管理部门，对数据修改的合规性进行审核，报分管行领导审批通过后，作为数据修改申请的附件提交总行信息技术部门负责生产运行的室。对分行管理的系统进行生产数据非计划性修改，由分行经办业务部门起草签报，会签分行内控合规部门，对数据修改的合规性进行审核，报分管行领导审批通过后，作为数据修改申请的附件提交分行信息技术部门。签报至少包括修改原因、修改内容及外部影响等详细内容。",1613
163,"分行可以通过web端进行查询",华银制〔2014〕245号__华夏银行信息系统生产数据管理实施细则.doc,""8.4.9总行及已部署数据库操作和运维操作审计系统的分行应通过数据库操作和运维操作审计系统进行生产数据非计划性修改，不得直接登录系统后台进行操作。",1639
91," HYPERLINK \l "_Toc411840798" 2	系统升级操作流程	 PAGEREF _Toc411840798 \h 5",华银制〔2014〕314号__华夏银行信息系统事件管理实施细则.doc,""（5）违规操作类事件是指操作人员有意或无意未按既定流程、制度、规范等要求进行操作，造成信息系统可用性、完整性、安全性受到破坏的事件。",3314
205,"使用pl用户登录公积金系统主机，执行命令：/u01/pl/trans/startPL.sh，如果输出以下内容，TongEASY启动成功。",华银制〔2014〕309号__华夏银行信息系统问题管理实施细则.doc,""（1）经所在室负责人审核同意，问题提出人向总行问题经理提交问题单。问题单包括但不限于以下内容：发生问题的系统名称、发生时间、现象描述、业务影响范围和影响程度、问题提出人、所在部门及联系方式等。",3123
219,"使用pl用户登录应用主机。执行命令：/u01/pl/trans/stopPL.sh",华银制〔2014〕300号__华夏银行信息系统变更管理实施细则.doc,""标准变更实行准入准出机制。针对日常操作中经常出现，变更方案成熟，技术风险和业务风险均可控的常规变更（如网络端口配置、增加操作系统级用户等，但应用系统版本变更除外），可纳入标准变更管理。受理此类变更的室可向生产调度会提交经室负责人审核的《华夏银行信息系统标准变更申请表》（模板参见附件1），对标准变更申请进行评估，评估通过的申请列入标准变更列表，后续同类变更可按照标准变更流程执行。",2823
137,"本次升级总行无程序升级，只需要加入相关应用配置文件即可。",华银制〔2014〕332号__华夏银行分行信息系统业务操作与信息科技管理评价办法.doc,""第八条 重点评价内容是对各评价项进行细化、提出评价期内必须达到的目标要求；评价标准是评价期内加、减分的依据，具体依据是根据总行印发的相关制度、各种文件要求、信息系统操作手册和流程手册等制定。",3491
172,"系统升级操作流程",华银制〔2014〕197号__华夏银行信息系统设备管理办法.doc,""第二十四条 设备的安装应按照生产系统硬件设备安装、升级及备件更换操作流程执行。",90
172,"系统升级操作流程",华银制〔2014〕197号__华夏银行信息系统设备管理办法.doc,""五、在附件中明确了总行信息系统设备验收的具体操作流程。",27
163,"分行可以通过web端进行查询",华银制〔2014〕245号__华夏银行信息系统生产数据管理实施细则.doc,""若数据下载用途是提供给第三方的，分行生产数据使用部门需起草签报，会签分行内控合规部门，报分管行领导审批通过后，作为数据下载申请的附件提交。签报内容、附件要求及第三方对数据要求紧急情况的处理流程参照7.2.2条款执行。分行内控合规部门对第三方要求提供数据相关文件的合规性进行审核。",1552
309,"公积金系统升级操作通讯参数表",华银制〔2014〕309号__华夏银行信息系统问题管理实施细则.doc,""（1）运行环境问题，主要包括机房水电、空调、综合布线等基础设施方面的问题；交换机、路由器、防火墙、通讯线路等网络方面的问题；主机、存储、虚拟化平台等系统硬件方面的问题；操作系统、中间件、数据库等系统软件方面的问题；与系统运行相关的参数配置等方面的问题。",3103
205,"使用pl用户登录公积金系统主机，执行命令：/u01/pl/trans/startPL.sh，如果输出以下内容，TongEASY启动成功。",华银制〔2014〕300号__华夏银行信息系统变更管理实施细则.doc,""按照变更内容，变更分为应用系统版本变更、系统配置变更、系统环境和硬件变更、网络变更、生产数据非计划性修改、系统重启、数据清理及系统用户变更等。",2738
137,"本次升级总行无程序升级，只需要加入相关应用配置文件即可。",华银制〔2014〕245号__华夏银行信息系统生产数据管理实施细则.doc,""应用程序恢复验证测试按照我行信息科技项目软件配置管理的相关规定执行。",1511
137,"本次升级总行无程序升级，只需要加入相关应用配置文件即可。",华银制〔2014〕245号__华夏银行信息系统生产数据管理实施细则.doc,""若数据下载用途是提供给第三方的，总行生产数据使用部门需起草签报，会签内控合规部门，报分管行领导审批同意后，作为数据下载申请的附件提交。签报至少包括下载原因、数据内容、用途、使用范围、使用期限、是否需要脱敏等详细内容。内控合规部门对第三方要求提供数据相关文件的合规性进行审核。生产数据使用部门需要求第三方提供以下文件，并作为签报附件：",1540
70,"操作手册必须包含系统升级实际操作中的每一项操作步骤。",华银制〔2014〕300号__华夏银行信息系统变更管理实施细则.doc,""（3）评审通过后的操作手册如发生变更，信息系统负责人应在操作手册中注明变更内容及变更原因，在重大变更前3个工作日组织重新评审，并将相关评审材料重新提交。",2790
70,"操作手册必须包含系统升级实际操作中的每一项操作步骤。",华银制〔2014〕300号__华夏银行信息系统变更管理实施细则.doc,""（1）分行信息技术部门负责人为分行重大变更操作手册评审的第一责任人。在重大变更实施前10工作日，组织完成操作手册的编写和评审，确保操作手册内容正确、完整和规范；评审通过后的操作手册由参会评审人员、分行信息系统负责人、分行信息技术部门负责人签字确认。",2794
70,"操作手册必须包含系统升级实际操作中的每一项操作步骤。",华银制〔2014〕300号__华夏银行信息系统变更管理实施细则.doc,""（4）重大变更演练期间，信用卡中心、信息科技部门相关室负责组织检查各自系统操作手册中每个步骤的执行情况，确保操作步骤准确无误。负责变更组织的室负责对操作步骤与操作手册的一致性进行抽查。",2791
70,"操作手册必须包含系统升级实际操作中的每一项操作步骤。",华银制〔2014〕300号__华夏银行信息系统变更管理实施细则.doc,""（2）分行将评审通过后的操作手册提交总行信息科技部门审核，总行信息科技部门相关室负责在重大变更实施前7个工作日，完成操作手册的审核，并由总行对应系统负责人签字确认。操作手册在重大变更实施前5个工作日完成提交。",2795
70,"操作手册必须包含系统升级实际操作中的每一项操作步骤。",华银制〔2014〕300号__华夏银行信息系统变更管理实施细则.doc,""    （3）审核通过后的操作手册如有变更，分行信息系统负责人应在操作手册中注明变更内容及变更原因，在重大变更实施前3个工作日组织重新评审，并将相关评审材料重新提交。",2796
70,"操作手册必须包含系统升级实际操作中的每一项操作步骤。",华银制〔2014〕300号__华夏银行信息系统变更管理实施细则.doc,""（1）重大变更实施前7个工作日，由信息系统负责人或变更实施人所在室负责人组织完成操作手册编写和评审，确保操作手册内容正确、完整和规范；其所在室负责人为重大变更操作手册评审的第一责任人。",2788
70,"操作手册必须包含系统升级实际操作中的每一项操作步骤。",华银制〔2014〕300号__华夏银行信息系统变更管理实施细则.doc,""（2）评审通过后的操作手册由参会评审人员、信息系统负责人、操作手册编写人所在室负责人签字确认，部门分管负责人审核并签字。操作手册在重大变更前5个工作日完成提交。",2789
70,"操作手册必须包含系统升级实际操作中的每一项操作步骤。",华银制〔2014〕300号__华夏银行信息系统变更管理实施细则.doc,""重大变更实施前4周和1周，应用系统阶段版本等变更由科技开发部门分管负责人或以上人员牵头，负责项目管理的室组织完成风险评估；不涉及应用系统版本变化的操作系统、数据库、中间件、硬件升级，网络变更，生产机房、灾备机房基础设施和环境改造、场地迁移等由信息技术部门分管负责人或以上人员牵头，负责科技安全的室组织完成风险评估。评估内容包括系统功能缺陷、客户信息泄露、业务中断、交易缓慢或其他因素造成的操作风险、法律风险和声誉风险等。",2770
70,"操作手册必须包含系统升级实际操作中的每一项操作步骤。",华银制〔2014〕300号__华夏银行信息系统变更管理实施细则.doc,""（1）应用系统版本发布应按照我行信息科技应用系统生产版本发布的有关规定执行。提交版本发布的变更方案应包括但不限于以下内容：变更计划开始时间和结束时间，实施步骤、操作分时计划（含变更中各单位需要配合和确认的工作）、变更回退方案（含回退时间点和完成回退的时间）、变更风险评估、变更影响范围、是否会引起服务中断及服务中断时间、工作量估算、变更应急预案、变更前的备份、测试报告、验证方案等。如变更系统包含多个节点，变更方案要包括每个节点的操作。对于有同城、异地灾备部署的系统，变更方案要包括同城、异地灾备环境的变更操作。方案制定人对变更方案的正确性和完整性负责。",2808
137,"本次升级总行无程序升级，只需要加入相关应用配置文件即可。",华银制〔2014〕300号__华夏银行信息系统变更管理实施细则.doc,""（2）本细则所称系统配置变更是指与生产环境、灾备环境相关的系统容量变更和系统配置参数变更，包括但不限于数据库空间变更、存储空间变更；非业务前台界面维护的应用系统参数变更；操作系统、中间件、数据库等参数变更、漏洞和补丁修补以及版本变更；信息科技部门通过参数设置界面实现的参数变更等。",2740
137,"本次升级总行无程序升级，只需要加入相关应用配置文件即可。",华银制〔2014〕300号__华夏银行信息系统变更管理实施细则.doc,""（1）本细则所称应用系统版本变更是指生产环境、灾备环境应用系统（包括程序代码、数据库存储过程脚本等）的升级、改造或功能变更等。",2739
70,"操作手册必须包含系统升级实际操作中的每一项操作步骤。",华银制〔2014〕300号__华夏银行信息系统变更管理实施细则.doc,""（3）方案制定人负责组织制定变更方案，变更方案应包括变更计划开始时间和结束时间，实施步骤、操作分时计划（含变更中相关单位需要配合和确认的工作）、变更回退方案（含回退时间点和完成回退的时间）、变更风险评估、变更影响范围、是否会引起服务中断及服务中断时间、工作量估算、变更应急预案、变更前备份、验证方案等，与业务相关的变更还需提交测试报告。如变更系统包含多个节点，变更方案要包括每个节点的操作。对于有同城、异地灾备部署的系统，变更方案要包括同城、异地灾备环境的变更操作。方案制定人对变更方案的正确性和完整性负责。",2814
205,"使用pl用户登录公积金系统主机，执行命令：/u01/pl/trans/startPL.sh，如果输出以下内容，TongEASY启动成功。",华银制〔2014〕245号__华夏银行信息系统生产数据管理实施细则.doc,""7.1.1生产数据下载由生产数据使用部门提出申请，总行各部室需提交《华夏银行下载生产数据申请审批表（总行）》（模板参见附件5），分行（含二级分行、异地支行等）需提交《华夏银行下载生产数据申请审批表（总分行）》（模板参见附件6），明确现有信息系统的功能或功能组合无法满足数据下载需求、下载数据的原因、内容、用途及使用范围、下载数据的时间范围及使用期限（使用期限原则上不得超过3个月）、数据脱敏要求等信息。",1533
205,"使用pl用户登录公积金系统主机，执行命令：/u01/pl/trans/startPL.sh，如果输出以下内容，TongEASY启动成功。",华银制〔2014〕245号__华夏银行信息系统生产数据管理实施细则.doc,""若数据下载用途是提供给第三方的，总行生产数据使用部门需起草签报，会签内控合规部门，报分管行领导审批同意后，作为数据下载申请的附件提交。签报至少包括下载原因、数据内容、用途、使用范围、使用期限、是否需要脱敏等详细内容。内控合规部门对第三方要求提供数据相关文件的合规性进行审核。生产数据使用部门需要求第三方提供以下文件，并作为签报附件：",1540
137,"本次升级总行无程序升级，只需要加入相关应用配置文件即可。",华银制〔2014〕245号__华夏银行信息系统生产数据管理实施细则.doc,""生产数据备份分为系统级备份、业务数据备份与应用程序备份。系统级备份是指生产系统所使用的操作系统、数据库、中间件等基础软件的备份；业务数据备份是指生产系统所产生的数据文件、数据记录以及数据库归档日志等数据的备份；应用程序备份是指应用程序相关程序代码以及配置文件的备份。",1485
137,"本次升级总行无程序升级，只需要加入相关应用配置文件即可。",华银制〔2014〕245号__华夏银行信息系统生产数据管理实施细则.doc,""应用程序备份按照我行信息科技项目软件配置管理的相关规定执行。",1495
161,"检查公积金系统网络环境，使用pl用户登录应用主机，执行tlmenu命令，查看系统上下级节点是否全部保持联通状态，保证外连TONG节点连接状态正常。",华银制〔2014〕300号__华夏银行信息系统变更管理实施细则.doc,""（2）重要信息系统基本信息：包括系统名称、业务功能，操作系统、数据库、中间件情况，应用架构、技术架构、数据架构，生产主机备份方案、数据备份方案，运行管理部门和维护支持人员及联系方式，是否已具备灾备环境等。",2762
161,"检查公积金系统网络环境，使用pl用户登录应用主机，执行tlmenu命令，查看系统上下级节点是否全部保持联通状态，保证外连TONG节点连接状态正常。",华银制〔2014〕300号__华夏银行信息系统变更管理实施细则.doc,""重大变更实施前4周和1周，应用系统阶段版本等变更由科技开发部门分管负责人或以上人员牵头，负责项目管理的室组织完成风险评估；不涉及应用系统版本变化的操作系统、数据库、中间件、硬件升级，网络变更，生产机房、灾备机房基础设施和环境改造、场地迁移等由信息技术部门分管负责人或以上人员牵头，负责科技安全的室组织完成风险评估。评估内容包括系统功能缺陷、客户信息泄露、业务中断、交易缓慢或其他因素造成的操作风险、法律风险和声誉风险等。",2770
161,"检查公积金系统网络环境，使用pl用户登录应用主机，执行tlmenu命令，查看系统上下级节点是否全部保持联通状态，保证外连TONG节点连接状态正常。",华银制〔2014〕300号__华夏银行信息系统变更管理实施细则.doc,""（1）重大变更是指影响全辖或一家（含）以上分行系统服务、业务中断时间3小时（含）以上的重要信息系统以及支持其运行的基础设施变更，包括应用系统阶段版本变更、重大生产环境和硬件变更、网络及核心系统应用架构变更等；其他对我行重要业务运营及重要信息系统的可用性、完整性、安全性具有较大潜在影响的变更等。重大变更计划需经分管信息科技的行领导审批同意，并正式发布。",2747
161,"检查公积金系统网络环境，使用pl用户登录应用主机，执行tlmenu命令，查看系统上下级节点是否全部保持联通状态，保证外连TONG节点连接状态正常。",华银制〔2014〕300号__华夏银行信息系统变更管理实施细则.doc,""（2）本细则所称系统配置变更是指与生产环境、灾备环境相关的系统容量变更和系统配置参数变更，包括但不限于数据库空间变更、存储空间变更；非业务前台界面维护的应用系统参数变更；操作系统、中间件、数据库等参数变更、漏洞和补丁修补以及版本变更；信息科技部门通过参数设置界面实现的参数变更等。",2740
161,"检查公积金系统网络环境，使用pl用户登录应用主机，执行tlmenu命令，查看系统上下级节点是否全部保持联通状态，保证外连TONG节点连接状态正常。",华银制〔2014〕300号__华夏银行信息系统变更管理实施细则.doc,""（6）本细则所称系统重启、数据清理及系统用户变更主要是指操作系统、数据库、中间件、应用系统的重启，数据清理等对生产系统运行状态产生影响的操作，以及操作系统用户的建立、删除、用户权限及口令修改等操作。",2744
161,"检查公积金系统网络环境，使用pl用户登录应用主机，执行tlmenu命令，查看系统上下级节点是否全部保持联通状态，保证外连TONG节点连接状态正常。",华银制〔2014〕300号__华夏银行信息系统变更管理实施细则.doc,""    重大变更实施前30个工作日，应用系统阶段版本等变更由信息科技部门负责项目管理的室根据需求计划确定变更范围，系统软硬件、网络和生产环境等变更由信息科技部门归口管理室组织确定变更范围，并将确定的变更范围进行发布。",2758
161,"检查公积金系统网络环境，使用pl用户登录应用主机，执行tlmenu命令，查看系统上下级节点是否全部保持联通状态，保证外连TONG节点连接状态正常。",华银制〔2014〕300号__华夏银行信息系统变更管理实施细则.doc,""（1）本细则所称应用系统版本变更是指生产环境、灾备环境应用系统（包括程序代码、数据库存储过程脚本等）的升级、改造或功能变更等。",2739
161,"检查公积金系统网络环境，使用pl用户登录应用主机，执行tlmenu命令，查看系统上下级节点是否全部保持联通状态，保证外连TONG节点连接状态正常。",华银制〔2014〕300号__华夏银行信息系统变更管理实施细则.doc,""按照变更内容，变更分为应用系统版本变更、系统配置变更、系统环境和硬件变更、网络变更、生产数据非计划性修改、系统重启、数据清理及系统用户变更等。",2738
70,"操作手册必须包含系统升级实际操作中的每一项操作步骤。",华银制〔2014〕300号__华夏银行信息系统变更管理实施细则.doc,""4.6.10系统变更如造成系统实际信息与原维护文档信息发生差异的，负责变更方案制定的室负责组织相关人员及时更新系统维护手册、应急预案等文档并发布。",2884
70,"操作手册必须包含系统升级实际操作中的每一项操作步骤。",华银制〔2014〕300号__华夏银行信息系统变更管理实施细则.doc,""4.6.3变更实施人员在实施过程中，要严格按照变更方案中的步骤及计划进行；复核人必须对操作人的操作严格把关，确保操作和变更方案一致。若在变更实施过程中，复核人发现变更操作与变更方案不一致，应及时制止操作，并向值班经理报告。若变更方案有误，原则上须终止变更实施，若必须实施，须由方案制定人向值班经理和部门分管负责人或变更总指挥报告相关情况，并经部门分管负责人或变更总指挥同意后修改变更方案；修改后的变更方案须经方案制定人所在室负责人审核、部门分管负责人或变更总指挥审批同意后方可实施。",2876
70,"操作手册必须包含系统升级实际操作中的每一项操作步骤。",华银制〔2014〕245号__华夏银行信息系统生产数据管理实施细则.doc,""7.1.2申请下载的生产数据中涉及中级安全等级数据或高级安全等级数据字段时，生产数据使用部门申请时应对这些字段提出脱敏需求，其中高级安全等级数据必须进行脱敏操作，中级安全等级数据如涉及敏感数据且因实际需要不能脱敏的，申请时需注明原因。",1534
205,"使用pl用户登录公积金系统主机，执行命令：/u01/pl/trans/startPL.sh，如果输出以下内容，TongEASY启动成功。",华银制〔2014〕300号__华夏银行信息系统变更管理实施细则.doc,""（1）应用系统版本发布应按照我行信息科技应用系统生产版本发布的有关规定执行。提交版本发布的变更方案应包括但不限于以下内容：变更计划开始时间和结束时间，实施步骤、操作分时计划（含变更中各单位需要配合和确认的工作）、变更回退方案（含回退时间点和完成回退的时间）、变更风险评估、变更影响范围、是否会引起服务中断及服务中断时间、工作量估算、变更应急预案、变更前的备份、测试报告、验证方案等。如变更系统包含多个节点，变更方案要包括每个节点的操作。对于有同城、异地灾备部署的系统，变更方案要包括同城、异地灾备环境的变更操作。方案制定人对变更方案的正确性和完整性负责。",2808
70,"操作手册必须包含系统升级实际操作中的每一项操作步骤。",华银制〔2014〕245号__华夏银行信息系统生产数据管理实施细则.doc,""4.7由科技开发部门负责系统应用维护的室牵头，信息技术部负责系统管理的室配合，按照信息系统的分类，依据本细则在各系统运维手册中制定相应的备份与恢复验证测试详细方案及操作步骤，包括日常备份、特殊日期备份以及备份的具体日期、时间、备份方式、备份介质、保存期限、数据恢复验证测试频率等。",1514
205,"使用pl用户登录公积金系统主机，执行命令：/u01/pl/trans/startPL.sh，如果输出以下内容，TongEASY启动成功。",华银制〔2014〕300号__华夏银行信息系统变更管理实施细则.doc,""信息科技部门负责生产运行的室要按照生产调度会的要求，建立、维护、发布《华夏银行信息系统标准变更列表》（模板参见附件2）。标准变更列表包括但不限于以下内容：变更编号、变更内容、变更方案、变更系统等。",2828
70,"操作手册必须包含系统升级实际操作中的每一项操作步骤。",华银制〔2014〕245号__华夏银行信息系统生产数据管理实施细则.doc,""业务数据恢复验证测试的目的在于验证备份数据的有效性和可恢复性，具体分为备份数据恢复技术验证测试与业务验证测试，其中技术验证测试由信息技术部门负责系统管理的室负责组织方案制定与实施，业务验证测试由相关业务部门负责组织方案制定与实施。恢复验证测试方案应具有详细的操作步骤和数据恢复是否成功的验证方法与标准。",1505
70,"操作手册必须包含系统升级实际操作中的每一项操作步骤。",华银制〔2014〕245号__华夏银行信息系统生产数据管理实施细则.doc,""8.1.2生产数据非计划性修改由业务部门牵头组织，负责制定业务方案、参与技术方案的评审以及准生产环境中的测试，组织生产数据非计划性修改的实施，对数据修改的业务合规性、合法性、正确性，以及修改后的业务验证和应急业务处理负责；总行科技开发部门负责系统应用维护的室（分行信息技术部门）负责制定技术方案（包含数据修改操作步骤、应急回退操作步骤等），组织技术方案评审、修改前数据备份、依据技术方案实施数据修改操作和操作过程中的复核工作，对数据修改的可行性、操作正确性，以及修改后的技术验证和应急技术处理负责；信息技术部门负责生产运行的人员负责对数据修改进行统计。",1607
161,"检查公积金系统网络环境，使用pl用户登录应用主机，执行tlmenu命令，查看系统上下级节点是否全部保持联通状态，保证外连TONG节点连接状态正常。",华银制〔2014〕300号__华夏银行信息系统变更管理实施细则.doc,""（1）应用系统版本发布应按照我行信息科技应用系统生产版本发布的有关规定执行。提交版本发布的变更方案应包括但不限于以下内容：变更计划开始时间和结束时间，实施步骤、操作分时计划（含变更中各单位需要配合和确认的工作）、变更回退方案（含回退时间点和完成回退的时间）、变更风险评估、变更影响范围、是否会引起服务中断及服务中断时间、工作量估算、变更应急预案、变更前的备份、测试报告、验证方案等。如变更系统包含多个节点，变更方案要包括每个节点的操作。对于有同城、异地灾备部署的系统，变更方案要包括同城、异地灾备环境的变更操作。方案制定人对变更方案的正确性和完整性负责。",2808
161,"检查公积金系统网络环境，使用pl用户登录应用主机，执行tlmenu命令，查看系统上下级节点是否全部保持联通状态，保证外连TONG节点连接状态正常。",华银制〔2014〕300号__华夏银行信息系统变更管理实施细则.doc,""（3）方案制定人负责组织制定变更方案，变更方案应包括变更计划开始时间和结束时间，实施步骤、操作分时计划（含变更中相关单位需要配合和确认的工作）、变更回退方案（含回退时间点和完成回退的时间）、变更风险评估、变更影响范围、是否会引起服务中断及服务中断时间、工作量估算、变更应急预案、变更前备份、验证方案等，与业务相关的变更还需提交测试报告。如变更系统包含多个节点，变更方案要包括每个节点的操作。对于有同城、异地灾备部署的系统，变更方案要包括同城、异地灾备环境的变更操作。方案制定人对变更方案的正确性和完整性负责。",2814
191,"无更新数据库表结构和初始化新增系统参数设置。",华银制〔2014〕309号__华夏银行信息系统问题管理实施细则.doc,""（4）涉及系统平台（含操作系统、数据库、中间件等）相关参数配置等方面的问题，由信息科技部门负责系统管理的室作为问题主责室牵头解决；涉及应用系统参数（含操作系统、数据库、中间件等与应用系统相关的参数）等方面的问题，由信息科技部门负责应用系统维护的室作为问题主责室牵头解决。",3135
161,"检查公积金系统网络环境，使用pl用户登录应用主机，执行tlmenu命令，查看系统上下级节点是否全部保持联通状态，保证外连TONG节点连接状态正常。",华银制〔2014〕245号__华夏银行信息系统生产数据管理实施细则.doc,""5.1.4生产数据管理部门应妥善保管载有在本地前后台计算机系统内安装的全部操作系统软件（含操作系统补丁程序）、数据库、通讯软件、开发工具软件、应用软件及应用软件和数据库的环境参数（库表）等软件和数据的光盘、磁带、软盘等介质。应用软件和银行业务信息属机密档案，应严格采取保密措施存放，并建立登记簿详细记录各介质出入库情况。",1520
161,"检查公积金系统网络环境，使用pl用户登录应用主机，执行tlmenu命令，查看系统上下级节点是否全部保持联通状态，保证外连TONG节点连接状态正常。",华银制〔2014〕300号__华夏银行信息系统变更管理实施细则.doc,""（1）灾备环境应用系统版本变更、系统配置变更不需再进行单独审批，由负责生产环境变更实施的室负责实施，双活模式应用系统的变更应同步实施，非双活模式应用系统同城灾备环境的变更原则上安排在生产变更后的第一个周三，异地灾备环境变更原则上安排在每季度第一个月的第二周。灾备环境变更实施前，如生产环境需向灾备环境切换，切换前负责生产环境变更实施的室需进行追加变更。",2853
161,"检查公积金系统网络环境，使用pl用户登录应用主机，执行tlmenu命令，查看系统上下级节点是否全部保持联通状态，保证外连TONG节点连接状态正常。",华银制〔2014〕300号__华夏银行信息系统变更管理实施细则.doc,""标准变更实行准入准出机制。针对日常操作中经常出现，变更方案成熟，技术风险和业务风险均可控的常规变更（如网络端口配置、增加操作系统级用户等，但应用系统版本变更除外），可纳入标准变更管理。受理此类变更的室可向生产调度会提交经室负责人审核的《华夏银行信息系统标准变更申请表》（模板参见附件1），对标准变更申请进行评估，评估通过的申请列入标准变更列表，后续同类变更可按照标准变更流程执行。",2823
191,"无更新数据库表结构和初始化新增系统参数设置。",华银制〔2014〕309号__华夏银行信息系统问题管理实施细则.doc,""（1）运行环境问题，主要包括机房水电、空调、综合布线等基础设施方面的问题；交换机、路由器、防火墙、通讯线路等网络方面的问题；主机、存储、虚拟化平台等系统硬件方面的问题；操作系统、中间件、数据库等系统软件方面的问题；与系统运行相关的参数配置等方面的问题。",3103
68,"此模版适用于信息系统升级（含切换或上线）期间的技术操作（软件系统）。",华银制〔2014〕197号__华夏银行信息系统设备管理办法.doc,""第四十一条 设备进出机房时，申请人应于设备进出机房之前提出申请，经负责机房管理的室负责人审批同意后，方可进行设备进出机房操作。设备进出机房操作完成后，机房设备管理员（分行为设备管理岗）应及时对资源管理信息系统中相关设备信息进行更新。",130
68,"此模版适用于信息系统升级（含切换或上线）期间的技术操作（软件系统）。",华银制〔2014〕197号__华夏银行信息系统设备管理办法.doc,""第三十三条 对于逾期不还的信息系统设备，总行信息技术部门设备归口管理室（分行为信息技术部门）负责提醒设备借用部门（单位）归还或办理借用延期手续。",105
68,"此模版适用于信息系统升级（含切换或上线）期间的技术操作（软件系统）。",华银制〔2014〕197号__华夏银行信息系统设备管理办法.doc,""第三十二条 设备借用前，信息技术部门须将存贮介质内涉及的数据信息按照生产数据管理的有关要求进行处理并彻底清除，确保数据安全。设备借用单位将设备归还信息技术部门后，总行信息技术部门设备归口管理室（分行为信息技术部门）对所借设备的外观、性能及配件等情况进行现场检查，登记《华夏银行信息系统设备借用单》。",104
68,"此模版适用于信息系统升级（含切换或上线）期间的技术操作（软件系统）。",华银制〔2014〕197号__华夏银行信息系统设备管理办法.doc,""外部单位向总、分行信息技术部门借用设备时，借用单位填写《华夏银行信息系统设备借用单》，注明借用单位，借用设备名称、型号，借用用途，借用时间，借用人姓名等。经借用设备的单位负责人批准并加盖单位公章，提交总行信息技术部门负责人和办公室负责人（分行为分管信息科技的行领导）审批同意后，信息技术部门设备归口管理室（分行为信息技术部门）将所借设备交接给设备借用单位使用，并报本级行计划财务部门备案。",103
68,"此模版适用于信息系统升级（含切换或上线）期间的技术操作（软件系统）。",华银制〔2014〕197号__华夏银行信息系统设备管理办法.doc,""总行向分行信息技术部门借用设备时，借用部门填写《华夏银行信息系统设备借用单》，注明借用部门，借用设备名称、型号，借用用途，借用时间，借用人姓名等。经借用设备的部门负责人批准，提交分行分管信息科技的行领导审批同意后，分行信息技术部门将所借设备交接给总行设备借用部门使用，并报本级行计划财务部门备案。",102
68,"此模版适用于信息系统升级（含切换或上线）期间的技术操作（软件系统）。",华银制〔2014〕197号__华夏银行信息系统设备管理办法.doc,""第三十一条 分行向总行信息技术部门或其他分行信息技术部门借用设备时，借用设备的分行需填写《华夏银行信息系统设备借用单》（模板详见附件5），注明借用单位，借用设备名称、型号，借用用途，借用时间，借用人姓名等。经借用部门分管行领导批准，提交总行信息技术部门负责人和办公室负责人（分行为分管信息科技的行领导）审批同意后，信息技术部门设备归口管理室（分行为信息技术部门）将所借设备交接给设备借用分行使用，并报本级行计划财务部门备案。",101
68,"此模版适用于信息系统升级（含切换或上线）期间的技术操作（软件系统）。",华银制〔2014〕197号__华夏银行信息系统设备管理办法.doc,""第三十八条 符合下列情形之一的设备，总、分行相关部门均可根据使用情况提出报废申请，并填写《华夏银行信息系统设备报废审批表》（模板详见附件6），提交信息技术部门进行报废技术鉴定。",114
205,"使用pl用户登录公积金系统主机，执行命令：/u01/pl/trans/startPL.sh，如果输出以下内容，TongEASY启动成功。",华银制〔2014〕245号__华夏银行信息系统生产数据管理实施细则.doc,""（2）生产数据非计划性修改如涉及以下特殊情况，对总行管理的系统进行生产数据非计划性修改，由总行经办业务部门起草签报，会签内控合规部门、操作风险管理部门，对数据修改的合规性进行审核，报分管行领导审批通过后，作为数据修改申请的附件提交总行信息技术部门负责生产运行的室。对分行管理的系统进行生产数据非计划性修改，由分行经办业务部门起草签报，会签分行内控合规部门，对数据修改的合规性进行审核，报分管行领导审批通过后，作为数据修改申请的附件提交分行信息技术部门。签报至少包括修改原因、修改内容及外部影响等详细内容。",1613
70,"操作手册必须包含系统升级实际操作中的每一项操作步骤。",华银制〔2014〕245号__华夏银行信息系统生产数据管理实施细则.doc,""（1）技术方案应明确具体的实施时间段（具体到某日某时或某日EOD前/EOD后/日结完成后），包含数据修改的详细步骤（脚本），要求写明操作输入的每个字符，并注明输入后系统反馈的信息，在步骤中要有保证安全性的回退准备，如备份所操作的库表、暂时封锁对库表的操作等。",1625
161,"检查公积金系统网络环境，使用pl用户登录应用主机，执行tlmenu命令，查看系统上下级节点是否全部保持联通状态，保证外连TONG节点连接状态正常。",华银制〔2014〕245号__华夏银行信息系统生产数据管理实施细则.doc,""8.1.2生产数据非计划性修改由业务部门牵头组织，负责制定业务方案、参与技术方案的评审以及准生产环境中的测试，组织生产数据非计划性修改的实施，对数据修改的业务合规性、合法性、正确性，以及修改后的业务验证和应急业务处理负责；总行科技开发部门负责系统应用维护的室（分行信息技术部门）负责制定技术方案（包含数据修改操作步骤、应急回退操作步骤等），组织技术方案评审、修改前数据备份、依据技术方案实施数据修改操作和操作过程中的复核工作，对数据修改的可行性、操作正确性，以及修改后的技术验证和应急技术处理负责；信息技术部门负责生产运行的人员负责对数据修改进行统计。",1607
161,"检查公积金系统网络环境，使用pl用户登录应用主机，执行tlmenu命令，查看系统上下级节点是否全部保持联通状态，保证外连TONG节点连接状态正常。",华银制〔2014〕245号__华夏银行信息系统生产数据管理实施细则.doc,""（1）总行端数据修改技术方案由科技开发部门负责系统应用维护的室负责人、部门分管负责人，信息技术部门负责科技安全的室负责人等进行审核。审核通过后提交信息技术部门负责生产运行的室负责人审核，通过后若准生产环境具备验证条件的，应在准生产环境中运行修改脚本进行验证，并由申请人员验证修改的正确性，验证通过后，由负责生产运行的室负责人审核测试结果，并提交信息技术部门分管生产运行的负责人审批；如无法进行验证操作，应在审核流程中说明，并制定相应的应急预案后提交信息技术部门分管生产运行的负责人审批。",1628
69,"操作手册为新创建时，无需填写“变更内容”、“变更原因”；评审后如有变更的，必须填写《操作手册创建、变更记录表》。",华银制〔2014〕245号__华夏银行信息系统生产数据管理实施细则.doc,""（2）生产数据非计划性修改如涉及以下特殊情况，对总行管理的系统进行生产数据非计划性修改，由总行经办业务部门起草签报，会签内控合规部门、操作风险管理部门，对数据修改的合规性进行审核，报分管行领导审批通过后，作为数据修改申请的附件提交总行信息技术部门负责生产运行的室。对分行管理的系统进行生产数据非计划性修改，由分行经办业务部门起草签报，会签分行内控合规部门，对数据修改的合规性进行审核，报分管行领导审批通过后，作为数据修改申请的附件提交分行信息技术部门。签报至少包括修改原因、修改内容及外部影响等详细内容。",1613
69,"操作手册为新创建时，无需填写“变更内容”、“变更原因”；评审后如有变更的，必须填写《操作手册创建、变更记录表》。",华银制〔2014〕245号__华夏银行信息系统生产数据管理实施细则.doc,""（1）要修改的生产数据存放在分行时，需提交《华夏银行生产数据非计划性修改审批表（分行）》（模板参见附件10）；生产数据存放在总行时，如果分行提出修改申请，需提交《华夏银行生产数据非计划性修改审批表（总分行）》（模板参见附件11），如果总行业务部门提出数据修改，需提交《华夏银行生产数据非计划性修改审批表（总行）》（模板参见附件12）。其中申请人为数据修改发起部门具体经办人，申请人负责填写日期、申请单位、申请人、联系电话、数据修改原因、数据修改内容，并且修改内容中需明确从后台进行数据修改的事项是否有业务替代手段。",1612
22,"操作手册创建、变更记录表",华银制〔2014〕300号__华夏银行信息系统变更管理实施细则.doc,""（2）分行将评审通过后的操作手册提交总行信息科技部门审核，总行信息科技部门相关室负责在重大变更实施前7个工作日，完成操作手册的审核，并由总行对应系统负责人签字确认。操作手册在重大变更实施前5个工作日完成提交。",2795
22,"操作手册创建、变更记录表",华银制〔2014〕300号__华夏银行信息系统变更管理实施细则.doc,""（1）分行信息技术部门负责人为分行重大变更操作手册评审的第一责任人。在重大变更实施前10工作日，组织完成操作手册的编写和评审，确保操作手册内容正确、完整和规范；评审通过后的操作手册由参会评审人员、分行信息系统负责人、分行信息技术部门负责人签字确认。",2794
22,"操作手册创建、变更记录表",华银制〔2014〕300号__华夏银行信息系统变更管理实施细则.doc,""    （3）审核通过后的操作手册如有变更，分行信息系统负责人应在操作手册中注明变更内容及变更原因，在重大变更实施前3个工作日组织重新评审，并将相关评审材料重新提交。",2796
22,"操作手册创建、变更记录表",华银制〔2014〕300号__华夏银行信息系统变更管理实施细则.doc,""（4）重大变更演练期间，信用卡中心、信息科技部门相关室负责组织检查各自系统操作手册中每个步骤的执行情况，确保操作步骤准确无误。负责变更组织的室负责对操作步骤与操作手册的一致性进行抽查。",2791
22,"操作手册创建、变更记录表",华银制〔2014〕300号__华夏银行信息系统变更管理实施细则.doc,""（3）评审通过后的操作手册如发生变更，信息系统负责人应在操作手册中注明变更内容及变更原因，在重大变更前3个工作日组织重新评审，并将相关评审材料重新提交。",2790
22,"操作手册创建、变更记录表",华银制〔2014〕300号__华夏银行信息系统变更管理实施细则.doc,""重大变更涉及分行操作的，由分行信息技术部门牵头组织完成变更操作手册评审。",2793
22,"操作手册创建、变更记录表",华银制〔2014〕300号__华夏银行信息系统变更管理实施细则.doc,""4.1.10分行重大变更操作手册评审",2792
163,"分行可以通过web端进行查询",华银制〔2014〕309号__华夏银行信息系统问题管理实施细则.doc,""6.2.2总行问题经理对受理的问题进行审核，若可以生成问题，确认问题分类和优先级，分派给相应的问题主责室，若需分行解决，负责将问题转派至分行，由分行问题经理协调解决；若不可生成问题，负责将问题退回问题提出人，问题提出人可选择修改后重新提交或撤销。",3127
68,"此模版适用于信息系统升级（含切换或上线）期间的技术操作（软件系统）。",华银制〔2014〕309号__华夏银行信息系统问题管理实施细则.doc,""（6）涉及应用系统集成架构方面的问题，由信息科技部门负责业务与技术架构的室作为问题主责室牵头解决。",3137
69,"操作手册为新创建时，无需填写“变更内容”、“变更原因”；评审后如有变更的，必须填写《操作手册创建、变更记录表》。",华银制〔2014〕300号__华夏银行信息系统变更管理实施细则.doc,""（1）变更内容或操作步骤发生根本性变化，导致变更风险不可控；",2825
91," HYPERLINK \l "_Toc411840798" 2	系统升级操作流程	 PAGEREF _Toc411840798 \h 5",华银制〔2014〕245号__华夏银行信息系统生产数据管理实施细则.doc,""（2）分行端系统数据修改技术方案应由分行信息技术部门技术人员在测试环境中验证，并将测试结果提交分行信息技术部门负责人审核，若无法进行验证操作应由分行信息技部门负责人在审批流程中说明并制定相应的应急预案。 ",1629
69,"操作手册为新创建时，无需填写“变更内容”、“变更原因”；评审后如有变更的，必须填写《操作手册创建、变更记录表》。",华银制〔2014〕300号__华夏银行信息系统变更管理实施细则.doc,""（3）该变更如为已评审的标准变更，方案制定人员在方案内容一栏注明该变更为标准变更及标准变更列表中的编号，并填写影响范围和工作量估算，完成后提交所在室变更经理。",2833
69,"操作手册为新创建时，无需填写“变更内容”、“变更原因”；评审后如有变更的，必须填写《操作手册创建、变更记录表》。",华银制〔2014〕300号__华夏银行信息系统变更管理实施细则.doc,""重大变更实施完成后1个月内，由负责变更组织的室按照监管要求，向监管部门或其派出机构提交总结报告材料，内容包括但不限于：变更方案执行情况、效果，问题发现和处理情况，后续改进措施；如变更失败，应详细说明失败原因。",2801
69,"操作手册为新创建时，无需填写“变更内容”、“变更原因”；评审后如有变更的，必须填写《操作手册创建、变更记录表》。",华银制〔2014〕300号__华夏银行信息系统变更管理实施细则.doc,""（1）应用系统版本发布应按照我行信息科技应用系统生产版本发布的有关规定执行。提交版本发布的变更方案应包括但不限于以下内容：变更计划开始时间和结束时间，实施步骤、操作分时计划（含变更中各单位需要配合和确认的工作）、变更回退方案（含回退时间点和完成回退的时间）、变更风险评估、变更影响范围、是否会引起服务中断及服务中断时间、工作量估算、变更应急预案、变更前的备份、测试报告、验证方案等。如变更系统包含多个节点，变更方案要包括每个节点的操作。对于有同城、异地灾备部署的系统，变更方案要包括同城、异地灾备环境的变更操作。方案制定人对变更方案的正确性和完整性负责。",2808
69,"操作手册为新创建时，无需填写“变更内容”、“变更原因”；评审后如有变更的，必须填写《操作手册创建、变更记录表》。",华银制〔2014〕300号__华夏银行信息系统变更管理实施细则.doc,""在重大变更实施完成后1个月内，应用系统阶段版本等变更，由信息科技部门负责项目管理的室对变更实施后，因变更引起的生产问题进行跟踪和后评价，其他变更引起的生产问题由负责变更实施的室进行跟踪和后评价，后评价内容应包括因变更引起的生产问题数量、问题发生的原因，整改措施、责任人及完成时限等。",2800
91," HYPERLINK \l "_Toc411840798" 2	系统升级操作流程	 PAGEREF _Toc411840798 \h 5",华银制〔2014〕245号__华夏银行信息系统生产数据管理实施细则.doc,""（1）总行端数据修改技术方案由科技开发部门负责系统应用维护的室负责人、部门分管负责人，信息技术部门负责科技安全的室负责人等进行审核。审核通过后提交信息技术部门负责生产运行的室负责人审核，通过后若准生产环境具备验证条件的，应在准生产环境中运行修改脚本进行验证，并由申请人员验证修改的正确性，验证通过后，由负责生产运行的室负责人审核测试结果，并提交信息技术部门分管生产运行的负责人审批；如无法进行验证操作，应在审核流程中说明，并制定相应的应急预案后提交信息技术部门分管生产运行的负责人审批。",1628
69,"操作手册为新创建时，无需填写“变更内容”、“变更原因”；评审后如有变更的，必须填写《操作手册创建、变更记录表》。",华银制〔2014〕300号__华夏银行信息系统变更管理实施细则.doc,""（1）申请人提出变更申请，变更申请应按变更类别分别提出变更申请单，禁止在一个变更申请单中涵盖多个系统的变更申请（相互关联的变更除外）。变更申请的内容应包含：申请单位、申请人、申请变更系统、变更类别、变更摘要、申请变更原因和内容等。变更摘要格式统一约定为：关于XX变更（简要描述所进行的变更）的申请。变更申请经变更申请人所在室负责人审核后，提交变更受理室。",2812
68,"此模版适用于信息系统升级（含切换或上线）期间的技术操作（软件系统）。",华银制〔2014〕314号__华夏银行信息系统事件管理实施细则.doc,""服务台是事件受理机构，负责受理事件和一线技术支持，并对事件处置进展进行跟踪与管理。总行设立总行服务台，分行设立分行服务台，总行服务台人员由总行信息科技部门负责生产运行的人员、会计部门负责作业支持的人员或其他业务部门人员担任，信息科技部门主要受理故障、告警等与技术相关的事件，会计部门主要受理与核心系统等业务相关的事件，其他业务部门主要受理与专业条线业务相关的事件；分行服务台由分行信息技术部门负责生产运行的人员、会计部门相关人员或其他业务部门人员担任，主要受理分行范围内的事件。服务台主要职责为：",3274
181,"备份系统应用配置",华银制〔2014〕245号__华夏银行信息系统生产数据管理实施细则.doc,""应用程序备份按照我行信息科技项目软件配置管理的相关规定执行。",1495
69,"操作手册为新创建时，无需填写“变更内容”、“变更原因”；评审后如有变更的，必须填写《操作手册创建、变更记录表》。",华银制〔2014〕245号__华夏银行信息系统生产数据管理实施细则.doc,""7.1.3 生产数据下载需求发生变更时，必须重新填写下载生产数据申请审批表并提交审批。",1535
69,"操作手册为新创建时，无需填写“变更内容”、“变更原因”；评审后如有变更的，必须填写《操作手册创建、变更记录表》。",华银制〔2014〕245号__华夏银行信息系统生产数据管理实施细则.doc,""7.1.2申请下载的生产数据中涉及中级安全等级数据或高级安全等级数据字段时，生产数据使用部门申请时应对这些字段提出脱敏需求，其中高级安全等级数据必须进行脱敏操作，中级安全等级数据如涉及敏感数据且因实际需要不能脱敏的，申请时需注明原因。",1534
68,"此模版适用于信息系统升级（含切换或上线）期间的技术操作（软件系统）。",华银制〔2014〕314号__华夏银行信息系统事件管理实施细则.doc,""1.2.1本细则所称事件是指由于各类故障、告警、违规操作、病毒爆发、自然灾害等导致或可能导致我行信息系统在生产运行期间出现服务中断、服务异常等影响对外提供服务的事件，以及与之相关服务请求的总称。",3264
68,"此模版适用于信息系统升级（含切换或上线）期间的技术操作（软件系统）。",华银制〔2014〕314号__华夏银行信息系统事件管理实施细则.doc,""1.2.3本细则所称服务异常是指由于技术故障或配套设施故障、外部服务中断、人为失误或破坏、病毒爆发、自然灾害等原因，导致我行信息系统对外提供的服务部分失效或服务水平下降的事件。",3266
68,"此模版适用于信息系统升级（含切换或上线）期间的技术操作（软件系统）。",华银制〔2014〕314号__华夏银行信息系统事件管理实施细则.doc,""1.2.2本细则所称服务中断是指由于技术故障或配套设施故障、外部服务中断、人为失误或破坏、病毒爆发、自然灾害等原因，导致我行信息系统对外提供的服务全部意外中断的事件。",3265
69,"操作手册为新创建时，无需填写“变更内容”、“变更原因”；评审后如有变更的，必须填写《操作手册创建、变更记录表》。",华银制〔2014〕300号__华夏银行信息系统变更管理实施细则.doc,""4.6.2变更实施必须双人操作，一人操作，一人复核。",2875
69,"操作手册为新创建时，无需填写“变更内容”、“变更原因”；评审后如有变更的，必须填写《操作手册创建、变更记录表》。",华银制〔2014〕300号__华夏银行信息系统变更管理实施细则.doc,""4.6.3变更实施人员在实施过程中，要严格按照变更方案中的步骤及计划进行；复核人必须对操作人的操作严格把关，确保操作和变更方案一致。若在变更实施过程中，复核人发现变更操作与变更方案不一致，应及时制止操作，并向值班经理报告。若变更方案有误，原则上须终止变更实施，若必须实施，须由方案制定人向值班经理和部门分管负责人或变更总指挥报告相关情况，并经部门分管负责人或变更总指挥同意后修改变更方案；修改后的变更方案须经方案制定人所在室负责人审核、部门分管负责人或变更总指挥审批同意后方可实施。",2876
69,"操作手册为新创建时，无需填写“变更内容”、“变更原因”；评审后如有变更的，必须填写《操作手册创建、变更记录表》。",华银制〔2014〕300号__华夏银行信息系统变更管理实施细则.doc,""普通变更实施完成后，信息技术部门负责生产运行的室对变更执行情况、因变更引起的生产问题进行记录和后评价，后评价内容应包括因变更引起的生产问题数量、问题发生的原因，整改措施、责任人及完成时限等。负责制度与操作管理的室负责对变更操作的合规性进行抽查审计。",2843
69,"操作手册为新创建时，无需填写“变更内容”、“变更原因”；评审后如有变更的，必须填写《操作手册创建、变更记录表》。",华银制〔2014〕300号__华夏银行信息系统变更管理实施细则.doc,""对于通过自动同步方式变更的灾备环境变更，变更实施完成后不再进行后评价，灾备环境沿用生产环境变更后评价结果；对于灾备环境独立进行的变更，由负责应急与灾备管理的室对变更执行情况、变更实施后的运行情况进行记录和后评价，后评价内容应包括因变更引起的问题数量、问题发生的原因，整改措施、责任人及完成时限等。",2859
175,"使用pl用户登录应用主机。执行命令：/u01/pl/trans/stopPL.sh",华银制〔2014〕300号__华夏银行信息系统变更管理实施细则.doc,""4.6.6重大变更、常规变更和标准变更实施人进入机房或操作间实施变更时，要按照出入机房、操作间要求提出申请，经批准后方可在机房或操作间实施变更，在提交进出机房、操作间申请时，需填写已经批准并计划执行的变更号，变更完成后需将变更完成情况告知值班人员，并在一个工作日内完成变更流程的确认。变更实施时如需使用操作系统用户口令，还应按照我行用户口令管理的相关要求进行申请及使用。",2880
69,"操作手册为新创建时，无需填写“变更内容”、“变更原因”；评审后如有变更的，必须填写《操作手册创建、变更记录表》。",华银制〔2014〕300号__华夏银行信息系统变更管理实施细则.doc,""4.6.7紧急变更实施完成后必须立即将变更内容、变更开始时间、变更结束时间、变更实施人告知生产运行值班人员，并在一个工作日内补齐相关审批流程。",2881
172,"系统升级操作流程",华银制〔2014〕245号__华夏银行信息系统生产数据管理实施细则.doc,""（2）分行端系统数据修改技术方案应由分行信息技术部门技术人员在测试环境中验证，并将测试结果提交分行信息技术部门负责人审核，若无法进行验证操作应由分行信息技部门负责人在审批流程中说明并制定相应的应急预案。 ",1629
172,"系统升级操作流程",华银制〔2014〕245号__华夏银行信息系统生产数据管理实施细则.doc,""（1）总行端数据修改技术方案由科技开发部门负责系统应用维护的室负责人、部门分管负责人，信息技术部门负责科技安全的室负责人等进行审核。审核通过后提交信息技术部门负责生产运行的室负责人审核，通过后若准生产环境具备验证条件的，应在准生产环境中运行修改脚本进行验证，并由申请人员验证修改的正确性，验证通过后，由负责生产运行的室负责人审核测试结果，并提交信息技术部门分管生产运行的负责人审批；如无法进行验证操作，应在审核流程中说明，并制定相应的应急预案后提交信息技术部门分管生产运行的负责人审批。",1628
181,"备份系统应用配置",华银制〔2014〕300号__华夏银行信息系统变更管理实施细则.doc,""按照变更内容，变更分为应用系统版本变更、系统配置变更、系统环境和硬件变更、网络变更、生产数据非计划性修改、系统重启、数据清理及系统用户变更等。",2738
142,"上线前进行每日生产运维常规巡检，检查公积金系统主备机的文件空间、CPU、内存使用状况，无异常，表示此准备工作完成。",华银制〔2014〕197号__华夏银行信息系统设备管理办法.doc,""第三十二条 设备借用前，信息技术部门须将存贮介质内涉及的数据信息按照生产数据管理的有关要求进行处理并彻底清除，确保数据安全。设备借用单位将设备归还信息技术部门后，总行信息技术部门设备归口管理室（分行为信息技术部门）对所借设备的外观、性能及配件等情况进行现场检查，登记《华夏银行信息系统设备借用单》。",104
22,"操作手册创建、变更记录表",华银制〔2014〕300号__华夏银行信息系统变更管理实施细则.doc,""4.1.9总行重大变更操作手册评审",2786
22,"操作手册创建、变更记录表",华银制〔2014〕300号__华夏银行信息系统变更管理实施细则.doc,""（1）重大变更实施前7个工作日，由信息系统负责人或变更实施人所在室负责人组织完成操作手册编写和评审，确保操作手册内容正确、完整和规范；其所在室负责人为重大变更操作手册评审的第一责任人。",2788
22,"操作手册创建、变更记录表",华银制〔2014〕300号__华夏银行信息系统变更管理实施细则.doc,""总行重大变更操作手册评审由总行信息科技部门牵头组织。",2787
22,"操作手册创建、变更记录表",华银制〔2014〕300号__华夏银行信息系统变更管理实施细则.doc,""（2）评审通过后的操作手册由参会评审人员、信息系统负责人、操作手册编写人所在室负责人签字确认，部门分管负责人审核并签字。操作手册在重大变更前5个工作日完成提交。",2789
22,"操作手册创建、变更记录表",华银制〔2014〕300号__华夏银行信息系统变更管理实施细则.doc,""重大变更管理包括变更范围确定，变更方案制定、风险评估、报备、方案评审和发布，业务培训、公告、操作手册评审、实施及后评价等工作。",2754
181,"备份系统应用配置",华银制〔2014〕245号__华夏银行信息系统生产数据管理实施细则.doc,""（5）支持集中备份信息系统的业务数据备份，由信息技术部门负责系统管理的室负责实施；由于基础软件、产品自身限制等原因不支持集中备份的信息系统，由科技开发部门负责系统应用维护的室负责实施。没有业务数据的系统，如视频会议系统、桌面管控管理系统等，无需进行业务数据备份。存放客户或银行内部账务数据的系统，包含总账系统以及向总账系统提供账务数据的系统，年末生产数据备份实行双份备份，一份本地保存，另一份同城异地保存，保存期限为永久保存。",1493
113," HYPERLINK \l "_Toc411840820" 7.2	公积金系统升级操作通讯参数表	 PAGEREF _Toc411840820 \h 9",华银制〔2014〕309号__华夏银行信息系统问题管理实施细则.doc,""（1）运行环境问题，主要包括机房水电、空调、综合布线等基础设施方面的问题；交换机、路由器、防火墙、通讯线路等网络方面的问题；主机、存储、虚拟化平台等系统硬件方面的问题；操作系统、中间件、数据库等系统软件方面的问题；与系统运行相关的参数配置等方面的问题。",3103
181,"备份系统应用配置",华银制〔2014〕245号__华夏银行信息系统生产数据管理实施细则.doc,""生产数据备份分为系统级备份、业务数据备份与应用程序备份。系统级备份是指生产系统所使用的操作系统、数据库、中间件等基础软件的备份；业务数据备份是指生产系统所产生的数据文件、数据记录以及数据库归档日志等数据的备份；应用程序备份是指应用程序相关程序代码以及配置文件的备份。",1485
181,"备份系统应用配置",华银制〔2014〕300号__华夏银行信息系统变更管理实施细则.doc,""（2）本细则所称系统配置变更是指与生产环境、灾备环境相关的系统容量变更和系统配置参数变更，包括但不限于数据库空间变更、存储空间变更；非业务前台界面维护的应用系统参数变更；操作系统、中间件、数据库等参数变更、漏洞和补丁修补以及版本变更；信息科技部门通过参数设置界面实现的参数变更等。",2740
181,"备份系统应用配置",华银制〔2014〕300号__华夏银行信息系统变更管理实施细则.doc,""（2）重要信息系统基本信息：包括系统名称、业务功能，操作系统、数据库、中间件情况，应用架构、技术架构、数据架构，生产主机备份方案、数据备份方案，运行管理部门和维护支持人员及联系方式，是否已具备灾备环境等。",2762
91," HYPERLINK \l "_Toc411840798" 2	系统升级操作流程	 PAGEREF _Toc411840798 \h 5",华银制〔2014〕300号__华夏银行信息系统变更管理实施细则.doc,""标准变更实行准入准出机制。针对日常操作中经常出现，变更方案成熟，技术风险和业务风险均可控的常规变更（如网络端口配置、增加操作系统级用户等，但应用系统版本变更除外），可纳入标准变更管理。受理此类变更的室可向生产调度会提交经室负责人审核的《华夏银行信息系统标准变更申请表》（模板参见附件1），对标准变更申请进行评估，评估通过的申请列入标准变更列表，后续同类变更可按照标准变更流程执行。",2823
69,"操作手册为新创建时，无需填写“变更内容”、“变更原因”；评审后如有变更的，必须填写《操作手册创建、变更记录表》。",华银制〔2014〕300号__华夏银行信息系统变更管理实施细则.doc,""重大变更管理包括变更范围确定，变更方案制定、风险评估、报备、方案评审和发布，业务培训、公告、操作手册评审、实施及后评价等工作。",2754
69,"操作手册为新创建时，无需填写“变更内容”、“变更原因”；评审后如有变更的，必须填写《操作手册创建、变更记录表》。",华银制〔2014〕300号__华夏银行信息系统变更管理实施细则.doc,""4.1.9总行重大变更操作手册评审",2786
69,"操作手册为新创建时，无需填写“变更内容”、“变更原因”；评审后如有变更的，必须填写《操作手册创建、变更记录表》。",华银制〔2014〕300号__华夏银行信息系统变更管理实施细则.doc,""总行重大变更操作手册评审由总行信息科技部门牵头组织。",2787
69,"操作手册为新创建时，无需填写“变更内容”、“变更原因”；评审后如有变更的，必须填写《操作手册创建、变更记录表》。",华银制〔2014〕300号__华夏银行信息系统变更管理实施细则.doc,""（1）重大变更实施前7个工作日，由信息系统负责人或变更实施人所在室负责人组织完成操作手册编写和评审，确保操作手册内容正确、完整和规范；其所在室负责人为重大变更操作手册评审的第一责任人。",2788
69,"操作手册为新创建时，无需填写“变更内容”、“变更原因”；评审后如有变更的，必须填写《操作手册创建、变更记录表》。",华银制〔2014〕300号__华夏银行信息系统变更管理实施细则.doc,""（2）评审通过后的操作手册由参会评审人员、信息系统负责人、操作手册编写人所在室负责人签字确认，部门分管负责人审核并签字。操作手册在重大变更前5个工作日完成提交。",2789
69,"操作手册为新创建时，无需填写“变更内容”、“变更原因”；评审后如有变更的，必须填写《操作手册创建、变更记录表》。",华银制〔2014〕300号__华夏银行信息系统变更管理实施细则.doc,""重大变更涉及分行操作的，由分行信息技术部门牵头组织完成变更操作手册评审。",2793
69,"操作手册为新创建时，无需填写“变更内容”、“变更原因”；评审后如有变更的，必须填写《操作手册创建、变更记录表》。",华银制〔2014〕300号__华夏银行信息系统变更管理实施细则.doc,""（1）分行信息技术部门负责人为分行重大变更操作手册评审的第一责任人。在重大变更实施前10工作日，组织完成操作手册的编写和评审，确保操作手册内容正确、完整和规范；评审通过后的操作手册由参会评审人员、分行信息系统负责人、分行信息技术部门负责人签字确认。",2794
69,"操作手册为新创建时，无需填写“变更内容”、“变更原因”；评审后如有变更的，必须填写《操作手册创建、变更记录表》。",华银制〔2014〕300号__华夏银行信息系统变更管理实施细则.doc,""（2）分行将评审通过后的操作手册提交总行信息科技部门审核，总行信息科技部门相关室负责在重大变更实施前7个工作日，完成操作手册的审核，并由总行对应系统负责人签字确认。操作手册在重大变更实施前5个工作日完成提交。",2795
69,"操作手册为新创建时，无需填写“变更内容”、“变更原因”；评审后如有变更的，必须填写《操作手册创建、变更记录表》。",华银制〔2014〕300号__华夏银行信息系统变更管理实施细则.doc,""    （3）审核通过后的操作手册如有变更，分行信息系统负责人应在操作手册中注明变更内容及变更原因，在重大变更实施前3个工作日组织重新评审，并将相关评审材料重新提交。",2796
69,"操作手册为新创建时，无需填写“变更内容”、“变更原因”；评审后如有变更的，必须填写《操作手册创建、变更记录表》。",华银制〔2014〕300号__华夏银行信息系统变更管理实施细则.doc,""（3）评审通过后的操作手册如发生变更，信息系统负责人应在操作手册中注明变更内容及变更原因，在重大变更前3个工作日组织重新评审，并将相关评审材料重新提交。",2790
69,"操作手册为新创建时，无需填写“变更内容”、“变更原因”；评审后如有变更的，必须填写《操作手册创建、变更记录表》。",华银制〔2014〕300号__华夏银行信息系统变更管理实施细则.doc,""（4）重大变更演练期间，信用卡中心、信息科技部门相关室负责组织检查各自系统操作手册中每个步骤的执行情况，确保操作步骤准确无误。负责变更组织的室负责对操作步骤与操作手册的一致性进行抽查。",2791
69,"操作手册为新创建时，无需填写“变更内容”、“变更原因”；评审后如有变更的，必须填写《操作手册创建、变更记录表》。",华银制〔2014〕300号__华夏银行信息系统变更管理实施细则.doc,""4.1.10分行重大变更操作手册评审",2792
69,"操作手册为新创建时，无需填写“变更内容”、“变更原因”；评审后如有变更的，必须填写《操作手册创建、变更记录表》。",华银制〔2014〕300号__华夏银行信息系统变更管理实施细则.doc,""（3）重大变更实施方案正式发布后，原则上不允许修改。如需修改，应参照信息科技年度应用系统软硬件升级及演练计划管理流程的要求，变更提出室以书面形式说明变更内容、变更原因、变更影响分析和变更风险评估等，经室负责人、部门分管负责人签字同意，提请变更实施总指挥审批同意后，根据审批意见修订方案并重新发布。",2779
69,"操作手册为新创建时，无需填写“变更内容”、“变更原因”；评审后如有变更的，必须填写《操作手册创建、变更记录表》。",华银制〔2014〕300号__华夏银行信息系统变更管理实施细则.doc,""（3）信息科技部门负责制度与操作管理的室组织填写《重要信息系统投产及变更报告表》（银行业金融机构信息科技非现场监管报表T-A-6）在变更实施前10个工作日和实施后6个工作日内报送市场与操作风险管理部门，由其向银监会或其派出机构报送。",2775
69,"操作手册为新创建时，无需填写“变更内容”、“变更原因”；评审后如有变更的，必须填写《操作手册创建、变更记录表》。",华银制〔2014〕300号__华夏银行信息系统变更管理实施细则.doc,""重大变更实施前4周和1周，应用系统阶段版本等变更由科技开发部门分管负责人或以上人员牵头，负责项目管理的室组织完成风险评估；不涉及应用系统版本变化的操作系统、数据库、中间件、硬件升级，网络变更，生产机房、灾备机房基础设施和环境改造、场地迁移等由信息技术部门分管负责人或以上人员牵头，负责科技安全的室组织完成风险评估。评估内容包括系统功能缺陷、客户信息泄露、业务中断、交易缓慢或其他因素造成的操作风险、法律风险和声誉风险等。",2770
175,"使用pl用户登录应用主机。执行命令：/u01/pl/trans/stopPL.sh",华银制〔2014〕300号__华夏银行信息系统变更管理实施细则.doc,""标准变更实行准入准出机制。针对日常操作中经常出现，变更方案成熟，技术风险和业务风险均可控的常规变更（如网络端口配置、增加操作系统级用户等，但应用系统版本变更除外），可纳入标准变更管理。受理此类变更的室可向生产调度会提交经室负责人审核的《华夏银行信息系统标准变更申请表》（模板参见附件1），对标准变更申请进行评估，评估通过的申请列入标准变更列表，后续同类变更可按照标准变更流程执行。",2823
68,"此模版适用于信息系统升级（含切换或上线）期间的技术操作（软件系统）。",华银制〔2014〕309号__华夏银行信息系统问题管理实施细则.doc,""1.3 本细则问题管理的范围主要包括影响或可能影响生产系统、灾备系统正常运行的信息技术问题和对现有功能的优化。与信息系统相关的咨询或服务请求等按事件管理流程处理，不在本细则管理范围内。",3074
91," HYPERLINK \l "_Toc411840798" 2	系统升级操作流程	 PAGEREF _Toc411840798 \h 5",华银制〔2014〕300号__华夏银行信息系统变更管理实施细则.doc,""重大变更实施前4周和1周，应用系统阶段版本等变更由科技开发部门分管负责人或以上人员牵头，负责项目管理的室组织完成风险评估；不涉及应用系统版本变化的操作系统、数据库、中间件、硬件升级，网络变更，生产机房、灾备机房基础设施和环境改造、场地迁移等由信息技术部门分管负责人或以上人员牵头，负责科技安全的室组织完成风险评估。评估内容包括系统功能缺陷、客户信息泄露、业务中断、交易缓慢或其他因素造成的操作风险、法律风险和声誉风险等。",2770
91," HYPERLINK \l "_Toc411840798" 2	系统升级操作流程	 PAGEREF _Toc411840798 \h 5",华银制〔2014〕300号__华夏银行信息系统变更管理实施细则.doc,""（3）重大变更实施方案正式发布后，原则上不允许修改。如需修改，应参照信息科技年度应用系统软硬件升级及演练计划管理流程的要求，变更提出室以书面形式说明变更内容、变更原因、变更影响分析和变更风险评估等，经室负责人、部门分管负责人签字同意，提请变更实施总指挥审批同意后，根据审批意见修订方案并重新发布。",2779
205,"使用pl用户登录公积金系统主机，执行命令：/u01/pl/trans/startPL.sh，如果输出以下内容，TongEASY启动成功。",华银制〔2014〕300号__华夏银行信息系统变更管理实施细则.doc,""为进一步加强信息系统变更（以下简称“变更”）管理，有效防范操作风险，总行对《华夏银行信息系统变更管理实施细则》（华银制〔2014〕13号）进行了修订，主要修订内容如下：",2693
69,"操作手册为新创建时，无需填写“变更内容”、“变更原因”；评审后如有变更的，必须填写《操作手册创建、变更记录表》。",华银制〔2014〕300号__华夏银行信息系统变更管理实施细则.doc,""为进一步加强信息系统变更（以下简称“变更”）管理，有效防范操作风险，总行对《华夏银行信息系统变更管理实施细则》（华银制〔2014〕13号）进行了修订，主要修订内容如下：",2693
230,"使用pl用户登录公积金系统主机，执行命令：/u01/pl/trans/startPL.sh，如果输出以下内容，TongEASY启动成功。",华银制〔2014〕300号__华夏银行信息系统变更管理实施细则.doc,""按照变更内容，变更分为应用系统版本变更、系统配置变更、系统环境和硬件变更、网络变更、生产数据非计划性修改、系统重启、数据清理及系统用户变更等。",2738
68,"此模版适用于信息系统升级（含切换或上线）期间的技术操作（软件系统）。",华银制〔2014〕332号__华夏银行分行信息系统业务操作与信息科技管理评价办法.doc,""（五）总行信息技术部门负责制度管理的室负责登记信息系统业务操作与信息科技管理评价加、减分台账。",3515
68,"此模版适用于信息系统升级（含切换或上线）期间的技术操作（软件系统）。",华银制〔2014〕332号__华夏银行分行信息系统业务操作与信息科技管理评价办法.doc,""（二）加分和减分。根据分行信息系统业务操作与信息科技管理活动开展情况，在评价期内，对各评价项的重点评价内容，实行加、减分处理。",3505
68,"此模版适用于信息系统升级（含切换或上线）期间的技术操作（软件系统）。",华银制〔2014〕332号__华夏银行分行信息系统业务操作与信息科技管理评价办法.doc,""（一）分行信息系统业务操作与信息科技管理评价分值实行百分制。",3504
68,"此模版适用于信息系统升级（含切换或上线）期间的技术操作（软件系统）。",华银制〔2014〕332号__华夏银行分行信息系统业务操作与信息科技管理评价办法.doc,""2．由于分行管理或技术原因，发生辖内重要信息系统出现故障，处理不及时，导致在分行范围内对外服务停止5分钟以上（含）、15分钟以内的事件； ",3538
309,"公积金系统升级操作通讯参数表",华银制〔2014〕300号__华夏银行信息系统变更管理实施细则.doc,""重大变更实施前4周和1周，应用系统阶段版本等变更由科技开发部门分管负责人或以上人员牵头，负责项目管理的室组织完成风险评估；不涉及应用系统版本变化的操作系统、数据库、中间件、硬件升级，网络变更，生产机房、灾备机房基础设施和环境改造、场地迁移等由信息技术部门分管负责人或以上人员牵头，负责科技安全的室组织完成风险评估。评估内容包括系统功能缺陷、客户信息泄露、业务中断、交易缓慢或其他因素造成的操作风险、法律风险和声誉风险等。",2770
161,"检查公积金系统网络环境，使用pl用户登录应用主机，执行tlmenu命令，查看系统上下级节点是否全部保持联通状态，保证外连TONG节点连接状态正常。",华银制〔2014〕309号__华夏银行信息系统问题管理实施细则.doc,""（1）运行环境问题，主要包括机房水电、空调、综合布线等基础设施方面的问题；交换机、路由器、防火墙、通讯线路等网络方面的问题；主机、存储、虚拟化平台等系统硬件方面的问题；操作系统、中间件、数据库等系统软件方面的问题；与系统运行相关的参数配置等方面的问题。",3103
161,"检查公积金系统网络环境，使用pl用户登录应用主机，执行tlmenu命令，查看系统上下级节点是否全部保持联通状态，保证外连TONG节点连接状态正常。",华银制〔2014〕309号__华夏银行信息系统问题管理实施细则.doc,""3.1 按问题发生原因不同，问题分为运行环境问题、程序缺陷问题、应用系统集成架构问题和需求优化问题。",3102
68,"此模版适用于信息系统升级（含切换或上线）期间的技术操作（软件系统）。",华银制〔2014〕332号__华夏银行分行信息系统业务操作与信息科技管理评价办法.doc,""2．由于分行管理或技术原因，导致辖内重要信息系统出现故障，处理不及时，导致在分行范围内对外服务停止15分钟以上（含）、30分钟以内的事件；",3542
68,"此模版适用于信息系统升级（含切换或上线）期间的技术操作（软件系统）。",华银制〔2014〕332号__华夏银行分行信息系统业务操作与信息科技管理评价办法.doc,""3．由于分行管理或技术原因，发生辖内重要信息系统出现故障，处理不及时，导致在分行范围内对外服务停止30分钟以上（含）的事件；",3547
68,"此模版适用于信息系统升级（含切换或上线）期间的技术操作（软件系统）。",华银制〔2014〕332号__华夏银行分行信息系统业务操作与信息科技管理评价办法.doc,""4．由于分行管理或技术原因，导致全行重要信息系统停止对外服务的事件；",3548
68,"此模版适用于信息系统升级（含切换或上线）期间的技术操作（软件系统）。",华银制〔2014〕332号__华夏银行分行信息系统业务操作与信息科技管理评价办法.doc,""附件：华夏银行分行信息系统业务操作与信息科技管理评价",3572
68,"此模版适用于信息系统升级（含切换或上线）期间的技术操作（软件系统）。",华银制〔2014〕332号__华夏银行分行信息系统业务操作与信息科技管理评价办法.doc,""第二十二条 本办法自2015年1月1日起实施。原《华夏银行分行信息系统业务操作与信息科技管理评价办法》（华银制〔2013〕285号）同日废止。",3570
230,"使用pl用户登录公积金系统主机，执行命令：/u01/pl/trans/startPL.sh，如果输出以下内容，TongEASY启动成功。",华银制〔2014〕300号__华夏银行信息系统变更管理实施细则.doc,""（1）应用系统版本发布应按照我行信息科技应用系统生产版本发布的有关规定执行。提交版本发布的变更方案应包括但不限于以下内容：变更计划开始时间和结束时间，实施步骤、操作分时计划（含变更中各单位需要配合和确认的工作）、变更回退方案（含回退时间点和完成回退的时间）、变更风险评估、变更影响范围、是否会引起服务中断及服务中断时间、工作量估算、变更应急预案、变更前的备份、测试报告、验证方案等。如变更系统包含多个节点，变更方案要包括每个节点的操作。对于有同城、异地灾备部署的系统，变更方案要包括同城、异地灾备环境的变更操作。方案制定人对变更方案的正确性和完整性负责。",2808
230,"使用pl用户登录公积金系统主机，执行命令：/u01/pl/trans/startPL.sh，如果输出以下内容，TongEASY启动成功。",华银制〔2014〕300号__华夏银行信息系统变更管理实施细则.doc,""信息科技部门负责生产运行的室要按照生产调度会的要求，建立、维护、发布《华夏银行信息系统标准变更列表》（模板参见附件2）。标准变更列表包括但不限于以下内容：变更编号、变更内容、变更方案、变更系统等。",2828
230,"使用pl用户登录公积金系统主机，执行命令：/u01/pl/trans/startPL.sh，如果输出以下内容，TongEASY启动成功。",华银制〔2014〕245号__华夏银行信息系统生产数据管理实施细则.doc,""7.1.1生产数据下载由生产数据使用部门提出申请，总行各部室需提交《华夏银行下载生产数据申请审批表（总行）》（模板参见附件5），分行（含二级分行、异地支行等）需提交《华夏银行下载生产数据申请审批表（总分行）》（模板参见附件6），明确现有信息系统的功能或功能组合无法满足数据下载需求、下载数据的原因、内容、用途及使用范围、下载数据的时间范围及使用期限（使用期限原则上不得超过3个月）、数据脱敏要求等信息。",1533
230,"使用pl用户登录公积金系统主机，执行命令：/u01/pl/trans/startPL.sh，如果输出以下内容，TongEASY启动成功。",华银制〔2014〕245号__华夏银行信息系统生产数据管理实施细则.doc,""若数据下载用途是提供给第三方的，总行生产数据使用部门需起草签报，会签内控合规部门，报分管行领导审批同意后，作为数据下载申请的附件提交。签报至少包括下载原因、数据内容、用途、使用范围、使用期限、是否需要脱敏等详细内容。内控合规部门对第三方要求提供数据相关文件的合规性进行审核。生产数据使用部门需要求第三方提供以下文件，并作为签报附件：",1540
309,"公积金系统升级操作通讯参数表",华银制〔2014〕245号__华夏银行信息系统生产数据管理实施细则.doc,""5.1.4生产数据管理部门应妥善保管载有在本地前后台计算机系统内安装的全部操作系统软件（含操作系统补丁程序）、数据库、通讯软件、开发工具软件、应用软件及应用软件和数据库的环境参数（库表）等软件和数据的光盘、磁带、软盘等介质。应用软件和银行业务信息属机密档案，应严格采取保密措施存放，并建立登记簿详细记录各介质出入库情况。",1520
161,"检查公积金系统网络环境，使用pl用户登录应用主机，执行tlmenu命令，查看系统上下级节点是否全部保持联通状态，保证外连TONG节点连接状态正常。",华银制〔2014〕314号__华夏银行信息系统事件管理实施细则.doc,""二线支持人员负责处置服务台分派的事件。总、分行信息科技部门负责应用系统、操作系统、中间件、数据库、网络、基础设施、安全、需求、灾备等工作的人员作为二线支持人员，必要时还可请外部专家协助处置事件。二线支持人员主要职责为：",3284
68,"此模版适用于信息系统升级（含切换或上线）期间的技术操作（软件系统）。",华银制〔2014〕314号__华夏银行信息系统事件管理实施细则.doc,""事件处置完成后，总行事件涉及的关键系统风险总包负责人或分行信息技术部门负责人要组织事件涉及的相关人员将事件解决方法归纳总结，形成知识或事件库，为后续事件解决提供支持。",3392
68,"此模版适用于信息系统升级（含切换或上线）期间的技术操作（软件系统）。",华银制〔2014〕314号__华夏银行信息系统事件管理实施细则.doc,""7.5 A级普通事件持续时间达到一般突发事件条件的，或2小时未解决，对我行业务、声誉造成以及可能造成严重影响的，则升级为一般突发事件，按照我行信息系统突发事件应急管理相关规定进行处置。",3384
142,"上线前进行每日生产运维常规巡检，检查公积金系统主备机的文件空间、CPU、内存使用状况，无异常，表示此准备工作完成。",华银制〔2014〕245号__华夏银行信息系统生产数据管理实施细则.doc,""8.4.9总行及已部署数据库操作和运维操作审计系统的分行应通过数据库操作和运维操作审计系统进行生产数据非计划性修改，不得直接登录系统后台进行操作。",1639
113," HYPERLINK \l "_Toc411840820" 7.2	公积金系统升级操作通讯参数表	 PAGEREF _Toc411840820 \h 9",华银制〔2014〕245号__华夏银行信息系统生产数据管理实施细则.doc,""5.1.4生产数据管理部门应妥善保管载有在本地前后台计算机系统内安装的全部操作系统软件（含操作系统补丁程序）、数据库、通讯软件、开发工具软件、应用软件及应用软件和数据库的环境参数（库表）等软件和数据的光盘、磁带、软盘等介质。应用软件和银行业务信息属机密档案，应严格采取保密措施存放，并建立登记簿详细记录各介质出入库情况。",1520
181,"备份系统应用配置",华银制〔2014〕300号__华夏银行信息系统变更管理实施细则.doc,""标准变更实行准入准出机制。针对日常操作中经常出现，变更方案成熟，技术风险和业务风险均可控的常规变更（如网络端口配置、增加操作系统级用户等，但应用系统版本变更除外），可纳入标准变更管理。受理此类变更的室可向生产调度会提交经室负责人审核的《华夏银行信息系统标准变更申请表》（模板参见附件1），对标准变更申请进行评估，评估通过的申请列入标准变更列表，后续同类变更可按照标准变更流程执行。",2823
181,"备份系统应用配置",华银制〔2014〕245号__华夏银行信息系统生产数据管理实施细则.doc,""对于由于基础软件、产品自身限制等原因需要单独购买相应的厂商产品才能够进行恢复验证测试的信息系统，由应用维护人员、系统管理人员及厂商共同讨论确定备份数据恢复验证测试方案。",1509
181,"备份系统应用配置",华银制〔2014〕245号__华夏银行信息系统生产数据管理实施细则.doc,""4.7由科技开发部门负责系统应用维护的室牵头，信息技术部负责系统管理的室配合，按照信息系统的分类，依据本细则在各系统运维手册中制定相应的备份与恢复验证测试详细方案及操作步骤，包括日常备份、特殊日期备份以及备份的具体日期、时间、备份方式、备份介质、保存期限、数据恢复验证测试频率等。",1514
181,"备份系统应用配置",华银制〔2014〕300号__华夏银行信息系统变更管理实施细则.doc,""（1）灾备环境应用系统版本变更、系统配置变更不需再进行单独审批，由负责生产环境变更实施的室负责实施，双活模式应用系统的变更应同步实施，非双活模式应用系统同城灾备环境的变更原则上安排在生产变更后的第一个周三，异地灾备环境变更原则上安排在每季度第一个月的第二周。灾备环境变更实施前，如生产环境需向灾备环境切换，切换前负责生产环境变更实施的室需进行追加变更。",2853
181,"备份系统应用配置",华银制〔2014〕300号__华夏银行信息系统变更管理实施细则.doc,""（1）应用系统版本发布应按照我行信息科技应用系统生产版本发布的有关规定执行。提交版本发布的变更方案应包括但不限于以下内容：变更计划开始时间和结束时间，实施步骤、操作分时计划（含变更中各单位需要配合和确认的工作）、变更回退方案（含回退时间点和完成回退的时间）、变更风险评估、变更影响范围、是否会引起服务中断及服务中断时间、工作量估算、变更应急预案、变更前的备份、测试报告、验证方案等。如变更系统包含多个节点，变更方案要包括每个节点的操作。对于有同城、异地灾备部署的系统，变更方案要包括同城、异地灾备环境的变更操作。方案制定人对变更方案的正确性和完整性负责。",2808
68,"此模版适用于信息系统升级（含切换或上线）期间的技术操作（软件系统）。",华银制〔2014〕314号__华夏银行信息系统事件管理实施细则.doc,""（3）A级普通事件（Ⅴ级）：分行服务台受理A级普通事件后，第一时间通知事件经理；由事件经理通知与事件相关的二线支持人员到操作现场处置事件，同时上报分行信息技术部门负责人和总行服务台；分行信息技术部门负责人立即上报分行分管信息科技的行领导，并组织进行事件处置；总行服务台报告值班经理，由值班经理报告部门带班负责人，并对需总行协助处置的事件，通知相关人员进行处置。",3373
68,"此模版适用于信息系统升级（含切换或上线）期间的技术操作（软件系统）。",华银制〔2014〕314号__华夏银行信息系统事件管理实施细则.doc,""（2）B级普通事件（Ⅵ级）：分行服务台受理B级普通事件后，第一时间进行分析，对无法处置的事件立即上报事件经理；由事件经理通知与事件相关的二线支持人员到操作现场或其他指定地点处置事件，并上报分行信息技术部门负责人；由分行信息技术部门负责人负责指挥协调事件的解决，并根据事件处置情况，上报分行分管信息科技的行领导和总行服务台。",3372
161,"检查公积金系统网络环境，使用pl用户登录应用主机，执行tlmenu命令，查看系统上下级节点是否全部保持联通状态，保证外连TONG节点连接状态正常。",华银制〔2014〕314号__华夏银行信息系统事件管理实施细则.doc,""（8）预警类事件是指由监控系统、监控人员、维护人员发现的应用系统、操作系统、数据库、中间件、网络、硬件设备及基础设施等告警。",3317
68,"此模版适用于信息系统升级（含切换或上线）期间的技术操作（软件系统）。",华银制〔2014〕314号__华夏银行信息系统事件管理实施细则.doc,""A级普通事件事件发生15分钟后，事件恶化或预计事件发生20分钟内无法解决时，由生产调度决策组报告至信息技术部门负责人、科技开发部门负责人。信息技术部门负责人或科技开发部门负责人根据事件进展情况负责向总行信息系统应急领导小组和全行处置突发事件应急工作领导小组办公室报告。",3367
68,"此模版适用于信息系统升级（含切换或上线）期间的技术操作（软件系统）。",华银制〔2014〕314号__华夏银行信息系统事件管理实施细则.doc,""（5）违规操作类事件是指操作人员有意或无意未按既定流程、制度、规范等要求进行操作，造成信息系统可用性、完整性、安全性受到破坏的事件。",3314
68,"此模版适用于信息系统升级（含切换或上线）期间的技术操作（软件系统）。",华银制〔2014〕314号__华夏银行信息系统事件管理实施细则.doc,""生产调度决策组负责协助总行信息系统应急领导小组进行技术决策和相关工作部署，以及信息系统普通事件现场总指挥不能决策事项的决策和相关工作部署。",3306
243,"公积金系统升级操作执行表",华银制〔2014〕300号__华夏银行信息系统变更管理实施细则.doc,""重大变更实施前4周和1周，应用系统阶段版本等变更由科技开发部门分管负责人或以上人员牵头，负责项目管理的室组织完成风险评估；不涉及应用系统版本变化的操作系统、数据库、中间件、硬件升级，网络变更，生产机房、灾备机房基础设施和环境改造、场地迁移等由信息技术部门分管负责人或以上人员牵头，负责科技安全的室组织完成风险评估。评估内容包括系统功能缺陷、客户信息泄露、业务中断、交易缓慢或其他因素造成的操作风险、法律风险和声誉风险等。",2770
161,"检查公积金系统网络环境，使用pl用户登录应用主机，执行tlmenu命令，查看系统上下级节点是否全部保持联通状态，保证外连TONG节点连接状态正常。",华银制〔2014〕314号__华夏银行信息系统事件管理实施细则.doc,""二线支持人员接收到B级普通事件后，应第一时间赶赴现场或其他指定地点，对事件进行分析和处置，根据事件处置情况与相关应用系统、操作系统、中间件、数据库、网络、基础设施、安全、需求等其他二线支持人员电话联系，共同对事件进行分析和处置；如10分钟之内无法通过电话指导解决，上述相关人员应立即到现场或安排有处置能力的人到现场解决。",3365
161,"检查公积金系统网络环境，使用pl用户登录应用主机，执行tlmenu命令，查看系统上下级节点是否全部保持联通状态，保证外连TONG节点连接状态正常。",华银制〔2014〕314号__华夏银行信息系统事件管理实施细则.doc,""（1）C级普通事件（Ⅶ级）：服务台受理C级普通事件后，第一时间进行分析，对无法处置的事件及时上报事件经理，并分派给应用系统、操作系统、中间件、数据库、网络、基础设施、安全、需求等相应的二线支持人员；二线支持人员在C级普通事件处置时限内及时处置。服务台负责跟踪事件处置进展，如在规定处置时限内未及时解决，服务台要上报事件经理，由事件经理通知受理人所在室负责人督促事件尽快解决。",3363
204,"计划重启执行时间2月26日20:20",华银制〔2014〕300号__华夏银行信息系统变更管理实施细则.doc,""（1）应用系统版本发布应按照我行信息科技应用系统生产版本发布的有关规定执行。提交版本发布的变更方案应包括但不限于以下内容：变更计划开始时间和结束时间，实施步骤、操作分时计划（含变更中各单位需要配合和确认的工作）、变更回退方案（含回退时间点和完成回退的时间）、变更风险评估、变更影响范围、是否会引起服务中断及服务中断时间、工作量估算、变更应急预案、变更前的备份、测试报告、验证方案等。如变更系统包含多个节点，变更方案要包括每个节点的操作。对于有同城、异地灾备部署的系统，变更方案要包括同城、异地灾备环境的变更操作。方案制定人对变更方案的正确性和完整性负责。",2808
230,"使用pl用户登录公积金系统主机，执行命令：/u01/pl/trans/startPL.sh，如果输出以下内容，TongEASY启动成功。",华银制〔2014〕300号__华夏银行信息系统变更管理实施细则.doc,""为进一步加强信息系统变更（以下简称“变更”）管理，有效防范操作风险，总行对《华夏银行信息系统变更管理实施细则》（华银制〔2014〕13号）进行了修订，主要修订内容如下：",2693
70,"操作手册必须包含系统升级实际操作中的每一项操作步骤。",华银制〔2014〕332号__华夏银行分行信息系统业务操作与信息科技管理评价办法.doc,""第八条 重点评价内容是对各评价项进行细化、提出评价期内必须达到的目标要求；评价标准是评价期内加、减分的依据，具体依据是根据总行印发的相关制度、各种文件要求、信息系统操作手册和流程手册等制定。",3491
181,"备份系统应用配置",华银制〔2014〕245号__华夏银行信息系统生产数据管理实施细则.doc,""8.1.2生产数据非计划性修改由业务部门牵头组织，负责制定业务方案、参与技术方案的评审以及准生产环境中的测试，组织生产数据非计划性修改的实施，对数据修改的业务合规性、合法性、正确性，以及修改后的业务验证和应急业务处理负责；总行科技开发部门负责系统应用维护的室（分行信息技术部门）负责制定技术方案（包含数据修改操作步骤、应急回退操作步骤等），组织技术方案评审、修改前数据备份、依据技术方案实施数据修改操作和操作过程中的复核工作，对数据修改的可行性、操作正确性，以及修改后的技术验证和应急技术处理负责；信息技术部门负责生产运行的人员负责对数据修改进行统计。",1607
68,"此模版适用于信息系统升级（含切换或上线）期间的技术操作（软件系统）。",华银制〔2014〕332号__华夏银行分行信息系统业务操作与信息科技管理评价办法.doc,""华夏银行分行信息系统业务操作",3470
68,"此模版适用于信息系统升级（含切换或上线）期间的技术操作（软件系统）。",华银制〔2014〕332号__华夏银行分行信息系统业务操作与信息科技管理评价办法.doc,""第三条 本办法所称信息系统业务操作与信息科技管理评价，是对分行信息科技基础设施管理、系统运维管理、信息系统业务操作管理、信息安全管理、项目管理、组织管理、信息科技综合管理等方面进行的全面评价。通过设立评价指标，客观、真实地反映分行信息科技管理现状，对分行信息科技管理做出分类评价。",3477
68,"此模版适用于信息系统升级（含切换或上线）期间的技术操作（软件系统）。",华银制〔2014〕332号__华夏银行分行信息系统业务操作与信息科技管理评价办法.doc,""第二条 本办法所称信息系统业务操作，是指信息系统用户操作应用功能完成相关业务处理的动作。信息系统用户包括柜面人员和业务管理人员（统称业务人员）。",3476
68,"此模版适用于信息系统升级（含切换或上线）期间的技术操作（软件系统）。",华银制〔2014〕332号__华夏银行分行信息系统业务操作与信息科技管理评价办法.doc,""第一条 为规范分行信息系统业务操作与信息科技管理评价工作，综合反映分行信息系统业务操作与信息科技管理工作质量，促进分行信息科技风险管理能力提升，制定本办法。",3475
68,"此模版适用于信息系统升级（含切换或上线）期间的技术操作（软件系统）。",华银制〔2014〕332号__华夏银行分行信息系统业务操作与信息科技管理评价办法.doc,""第四条 信息系统业务操作与信息科技管理评价每自然年度公布一次评价结果。",3478
68,"此模版适用于信息系统升级（含切换或上线）期间的技术操作（软件系统）。",华银制〔2014〕332号__华夏银行分行信息系统业务操作与信息科技管理评价办法.doc,""现将修订后的《华夏银行分行信息系统业务操作与信息科技管理评价办法》印发给你们，请认真学习，遵照执行。",3460
68,"此模版适用于信息系统升级（含切换或上线）期间的技术操作（软件系统）。",华银制〔2014〕332号__华夏银行分行信息系统业务操作与信息科技管理评价办法.doc,""第八条 重点评价内容是对各评价项进行细化、提出评价期内必须达到的目标要求；评价标准是评价期内加、减分的依据，具体依据是根据总行印发的相关制度、各种文件要求、信息系统操作手册和流程手册等制定。",3491
68,"此模版适用于信息系统升级（含切换或上线）期间的技术操作（软件系统）。",华银制〔2014〕332号__华夏银行分行信息系统业务操作与信息科技管理评价办法.doc,""2．信息系统运行日报、运行月报、信息科技操作风险提示；",3495
68,"此模版适用于信息系统升级（含切换或上线）期间的技术操作（软件系统）。",华银制〔2014〕332号__华夏银行分行信息系统业务操作与信息科技管理评价办法.doc,""6．总行监测、发现的信息系统业务操作与信息科技相关事项。",3499
68,"此模版适用于信息系统升级（含切换或上线）期间的技术操作（软件系统）。",华银制〔2014〕332号__华夏银行分行信息系统业务操作与信息科技管理评价办法.doc,""3．总行就信息系统业务操作与信息科技管理相关事项的通报；",3496
68,"此模版适用于信息系统升级（含切换或上线）期间的技术操作（软件系统）。",华银制〔2014〕332号__华夏银行分行信息系统业务操作与信息科技管理评价办法.doc,""第六条 分行信息系统业务操作与信息科技管理评价指标设置基础设施管理、系统运维管理、信息系统业务操作管理、信息安全管理、项目管理、组织管理、信息科技综合管理七个评价领域。各评价领域重点包括以下内容：",3482
68,"此模版适用于信息系统升级（含切换或上线）期间的技术操作（软件系统）。",华银制〔2014〕332号__华夏银行分行信息系统业务操作与信息科技管理评价办法.doc,""（三）信息系统业务操作管理，重点包括各类误操作、影响日结处理的问题、生产数据修改与下载操作等内容。",3485
68,"此模版适用于信息系统升级（含切换或上线）期间的技术操作（软件系统）。",华银制〔2014〕332号__华夏银行分行信息系统业务操作与信息科技管理评价办法.doc,""为加强华夏银行分行信息系统业务操作与信息科技管理评价工作，总行对《华夏银行分行信息系统业务操作与信息科技管理评价办法》（华银制〔2013〕285号）进行了修订，主要修订内容如下：",3455
68,"此模版适用于信息系统升级（含切换或上线）期间的技术操作（软件系统）。",华银制〔2014〕332号__华夏银行分行信息系统业务操作与信息科技管理评价办法.doc,""关于印发《华夏银行分行信息系统业务操作与信息科技管理评价办法》的通知",3452
178,"使用pl用户登录应用主备机，执行",华银制〔2014〕300号__华夏银行信息系统变更管理实施细则.doc,""标准变更实行准入准出机制。针对日常操作中经常出现，变更方案成熟，技术风险和业务风险均可控的常规变更（如网络端口配置、增加操作系统级用户等，但应用系统版本变更除外），可纳入标准变更管理。受理此类变更的室可向生产调度会提交经室负责人审核的《华夏银行信息系统标准变更申请表》（模板参见附件1），对标准变更申请进行评估，评估通过的申请列入标准变更列表，后续同类变更可按照标准变更流程执行。",2823
161,"检查公积金系统网络环境，使用pl用户登录应用主机，执行tlmenu命令，查看系统上下级节点是否全部保持联通状态，保证外连TONG节点连接状态正常。",华银制〔2014〕332号__华夏银行分行信息系统业务操作与信息科技管理评价办法.doc,""第二条 本办法所称信息系统业务操作，是指信息系统用户操作应用功能完成相关业务处理的动作。信息系统用户包括柜面人员和业务管理人员（统称业务人员）。",3476
161,"检查公积金系统网络环境，使用pl用户登录应用主机，执行tlmenu命令，查看系统上下级节点是否全部保持联通状态，保证外连TONG节点连接状态正常。",华银制〔2014〕332号__华夏银行分行信息系统业务操作与信息科技管理评价办法.doc,""（一）基础设施管理，重点包括机房环境设施、网络管理、主机系统与数据库管理、设备管理等内容。",3483
68,"此模版适用于信息系统升级（含切换或上线）期间的技术操作（软件系统）。",华银制〔2014〕300号__华夏银行信息系统变更管理实施细则.doc,""1.1为加强信息系统变更管理，有效防范操作风险，依据《银行业金融机构重要信息系统投产及变更管理办法》、《华夏银行信息系统运行管理办法》等监管规章和制度，制定本细则。",2707
142,"上线前进行每日生产运维常规巡检，检查公积金系统主备机的文件空间、CPU、内存使用状况，无异常，表示此准备工作完成。",华银制〔2014〕245号__华夏银行信息系统生产数据管理实施细则.doc,""（2）系统服务级别为三级信息系统的数据备份要求为每日进行全量数据备份，备份磁带保存期限为3个月；年末生产数据实行双份备份并永久保存，一份本地存放，另一份同城异地存放。",1490
174,"计划停止服务时间2月26日20:00",华银制〔2014〕300号__华夏银行信息系统变更管理实施细则.doc,""（1）重大变更是指影响全辖或一家（含）以上分行系统服务、业务中断时间3小时（含）以上的重要信息系统以及支持其运行的基础设施变更，包括应用系统阶段版本变更、重大生产环境和硬件变更、网络及核心系统应用架构变更等；其他对我行重要业务运营及重要信息系统的可用性、完整性、安全性具有较大潜在影响的变更等。重大变更计划需经分管信息科技的行领导审批同意，并正式发布。",2747
149,"应用/数据库主机",华银制〔2014〕300号__华夏银行信息系统变更管理实施细则.doc,""（2）重要信息系统基本信息：包括系统名称、业务功能，操作系统、数据库、中间件情况，应用架构、技术架构、数据架构，生产主机备份方案、数据备份方案，运行管理部门和维护支持人员及联系方式，是否已具备灾备环境等。",2762
142,"上线前进行每日生产运维常规巡检，检查公积金系统主备机的文件空间、CPU、内存使用状况，无异常，表示此准备工作完成。",华银制〔2014〕245号__华夏银行信息系统生产数据管理实施细则.doc,""（2）科技开发部门负责根据数据备份与恢复验证测试要求制定各系统的数据备份与恢复验证测试方案；负责非集中备份数据的备份以及备份作业执行结果检查；负责生产数据下载、非计划性修改等技术方案（包括脱敏方案）的制定与实施。",1467
68,"此模版适用于信息系统升级（含切换或上线）期间的技术操作（软件系统）。",附件：7.华夏银行总行信息系统设备报废流程.doc,""每年至少召开一次信息系统设备报废技术鉴定评审会7",1311
90," HYPERLINK \l "_Toc411840797" 1.5	升级实施人员安排	 PAGEREF _Toc411840797 \h 5",华银制〔2014〕300号__华夏银行信息系统变更管理实施细则.doc,""重大变更实施前4周和1周，应用系统阶段版本等变更由科技开发部门分管负责人或以上人员牵头，负责项目管理的室组织完成风险评估；不涉及应用系统版本变化的操作系统、数据库、中间件、硬件升级，网络变更，生产机房、灾备机房基础设施和环境改造、场地迁移等由信息技术部门分管负责人或以上人员牵头，负责科技安全的室组织完成风险评估。评估内容包括系统功能缺陷、客户信息泄露、业务中断、交易缓慢或其他因素造成的操作风险、法律风险和声誉风险等。",2770
142,"上线前进行每日生产运维常规巡检，检查公积金系统主备机的文件空间、CPU、内存使用状况，无异常，表示此准备工作完成。",华银制〔2014〕300号__华夏银行信息系统变更管理实施细则.doc,""    按照变更内容，常规变更分为应用系统版本变更、非应用系统版本变更及生产数据非计划性修改等。",2805
68,"此模版适用于信息系统升级（含切换或上线）期间的技术操作（软件系统）。",华银制〔2014〕300号__华夏银行信息系统变更管理实施细则.doc,""为进一步加强信息系统变更（以下简称“变更”）管理，有效防范操作风险，总行对《华夏银行信息系统变更管理实施细则》（华银制〔2014〕13号）进行了修订，主要修订内容如下：",2693
178,"使用pl用户登录应用主备机，执行",华银制〔2014〕300号__华夏银行信息系统变更管理实施细则.doc,""4.6.6重大变更、常规变更和标准变更实施人进入机房或操作间实施变更时，要按照出入机房、操作间要求提出申请，经批准后方可在机房或操作间实施变更，在提交进出机房、操作间申请时，需填写已经批准并计划执行的变更号，变更完成后需将变更完成情况告知值班人员，并在一个工作日内完成变更流程的确认。变更实施时如需使用操作系统用户口令，还应按照我行用户口令管理的相关要求进行申请及使用。",2880
142,"上线前进行每日生产运维常规巡检，检查公积金系统主备机的文件空间、CPU、内存使用状况，无异常，表示此准备工作完成。",华银制〔2014〕300号__华夏银行信息系统变更管理实施细则.doc,""（2）对于系统定期重启、定期日志清理等对日期有特殊要求的标准变更，以及监管、外部单位对日期有特殊要求的常规变更，经生产调度会评估通过后可按照系统的特定要求确定变更时间窗口。其他对变更时间有特殊要求的变更，经生产调度会评估，可按评估确定的时间执行。",2870
142,"上线前进行每日生产运维常规巡检，检查公积金系统主备机的文件空间、CPU、内存使用状况，无异常，表示此准备工作完成。",华银制〔2014〕300号__华夏银行信息系统变更管理实施细则.doc,""常规变更和标准变更的变更日期要依据年度生产调度表执行，年度生产调度表由信息科技部门负责生产运行的室编制。原则上每周四、周六作为常规变更日，周四或周六如为特殊日期（如结息日、年终决算前二周，国家重大活动开幕、闭幕期间等），由生产调度会确定其他日期作为变更日，每月最后两个工作日原则上不作为变更日。周四变更日原则上不进行与客户相关系统的变更，周六变更日主要实施与客户相关系统的变更、当日不对外服务系统的变更以及超过周四变更日变更总量的变更。",2865
174,"计划停止服务时间2月26日20:00",华银制〔2014〕300号__华夏银行信息系统变更管理实施细则.doc,""（1）应用系统版本发布应按照我行信息科技应用系统生产版本发布的有关规定执行。提交版本发布的变更方案应包括但不限于以下内容：变更计划开始时间和结束时间，实施步骤、操作分时计划（含变更中各单位需要配合和确认的工作）、变更回退方案（含回退时间点和完成回退的时间）、变更风险评估、变更影响范围、是否会引起服务中断及服务中断时间、工作量估算、变更应急预案、变更前的备份、测试报告、验证方案等。如变更系统包含多个节点，变更方案要包括每个节点的操作。对于有同城、异地灾备部署的系统，变更方案要包括同城、异地灾备环境的变更操作。方案制定人对变更方案的正确性和完整性负责。",2808
142,"上线前进行每日生产运维常规巡检，检查公积金系统主备机的文件空间、CPU、内存使用状况，无异常，表示此准备工作完成。",华银制〔2014〕300号__华夏银行信息系统变更管理实施细则.doc,""常规变更按照变更内容分为应用系统版本变更、非应用系统版本变更及生产数据非计划性修改等。",2895
113," HYPERLINK \l "_Toc411840820" 7.2	公积金系统升级操作通讯参数表	 PAGEREF _Toc411840820 \h 9",华银制〔2014〕300号__华夏银行信息系统变更管理实施细则.doc,""重大变更实施前4周和1周，应用系统阶段版本等变更由科技开发部门分管负责人或以上人员牵头，负责项目管理的室组织完成风险评估；不涉及应用系统版本变化的操作系统、数据库、中间件、硬件升级，网络变更，生产机房、灾备机房基础设施和环境改造、场地迁移等由信息技术部门分管负责人或以上人员牵头，负责科技安全的室组织完成风险评估。评估内容包括系统功能缺陷、客户信息泄露、业务中断、交易缓慢或其他因素造成的操作风险、法律风险和声誉风险等。",2770
142,"上线前进行每日生产运维常规巡检，检查公积金系统主备机的文件空间、CPU、内存使用状况，无异常，表示此准备工作完成。",华银制〔2014〕300号__华夏银行信息系统变更管理实施细则.doc,""标准变更实行准入准出机制。针对日常操作中经常出现，变更方案成熟，技术风险和业务风险均可控的常规变更（如网络端口配置、增加操作系统级用户等，但应用系统版本变更除外），可纳入标准变更管理。受理此类变更的室可向生产调度会提交经室负责人审核的《华夏银行信息系统标准变更申请表》（模板参见附件1），对标准变更申请进行评估，评估通过的申请列入标准变更列表，后续同类变更可按照标准变更流程执行。",2823
142,"上线前进行每日生产运维常规巡检，检查公积金系统主备机的文件空间、CPU、内存使用状况，无异常，表示此准备工作完成。",华银制〔2014〕300号__华夏银行信息系统变更管理实施细则.doc,""生产调度会原则上每周召开一次，讨论本周变更安排。评估范围原则上包括标准变更和解决P3级（含）以上生产问题或由网络、系统、安全等运维人员主动发起，为解决系统潜在风险进行的常规变更。如果变更不属于标准变更，且不属于解决P3级及以上生产问题的常规变更，变更方案制订人，分管变更方案制定、变更实施的部门负责人及该系统风险总包负责人应参加生产调度会。如参会人员缺席，则与该缺席人员相关的变更不在当周的调度会上讨论，不安排当周实施变更。",2846
68,"此模版适用于信息系统升级（含切换或上线）期间的技术操作（软件系统）。",华银制〔2014〕300号__华夏银行信息系统变更管理实施细则.doc,""标准变更实行准入准出机制。针对日常操作中经常出现，变更方案成熟，技术风险和业务风险均可控的常规变更（如网络端口配置、增加操作系统级用户等，但应用系统版本变更除外），可纳入标准变更管理。受理此类变更的室可向生产调度会提交经室负责人审核的《华夏银行信息系统标准变更申请表》（模板参见附件1），对标准变更申请进行评估，评估通过的申请列入标准变更列表，后续同类变更可按照标准变更流程执行。",2823
68,"此模版适用于信息系统升级（含切换或上线）期间的技术操作（软件系统）。",华银制〔2014〕300号__华夏银行信息系统变更管理实施细则.doc,""普通变更实施完成后，信息技术部门负责生产运行的室对变更执行情况、因变更引起的生产问题进行记录和后评价，后评价内容应包括因变更引起的生产问题数量、问题发生的原因，整改措施、责任人及完成时限等。负责制度与操作管理的室负责对变更操作的合规性进行抽查审计。",2843
68,"此模版适用于信息系统升级（含切换或上线）期间的技术操作（软件系统）。",华银制〔2014〕245号__华夏银行信息系统生产数据管理实施细则.doc,""4.5备份数据恢复验证测试前，恢复验证测试人员应提交《华夏银行XX系统备份数据恢复（验证测试）审批表》（模板参见附件2），分行负责维护的系统，由分行信息技术部门负责人审批同意后方可实施；总行负责维护的系统，由总行信息技术部门分管系统管理的负责人审批同意后方可实施。",1512
68,"此模版适用于信息系统升级（含切换或上线）期间的技术操作（软件系统）。",华银制〔2014〕300号__华夏银行信息系统变更管理实施细则.doc,""生产调度会由信息技术部门数据中心负责人或以上人员主持，参会人员包括信息科技部门负责科技安全、生产运行、系统管理、应急与灾备、网络管理、项目管理、质量与版本管理、测试、变更方案制定室、变更实施室负责人或指定代理人（指定代理人需熟悉本室业务）以及其它与生产调度管理相关的人员。通过参数设置界面实现的核心系统控制参数变更，参数设置方案制定室和实施室负责人或指定代理人须参会。",2845
68,"此模版适用于信息系统升级（含切换或上线）期间的技术操作（软件系统）。",华银制〔2014〕245号__华夏银行信息系统生产数据管理实施细则.doc,""4.7由科技开发部门负责系统应用维护的室牵头，信息技术部负责系统管理的室配合，按照信息系统的分类，依据本细则在各系统运维手册中制定相应的备份与恢复验证测试详细方案及操作步骤，包括日常备份、特殊日期备份以及备份的具体日期、时间、备份方式、备份介质、保存期限、数据恢复验证测试频率等。",1514
68,"此模版适用于信息系统升级（含切换或上线）期间的技术操作（软件系统）。",华银制〔2014〕245号__华夏银行信息系统生产数据管理实施细则.doc,""5.1.1信息技术部门负责生产系统数据存储介质的保管，生产数据存储介质的异地存放（采用自动备份远程复制机制除外）、调出、归还，应在《华夏银行生产数据存储介质存放登记表》（模板参见附件3）中登记。",1517
68,"此模版适用于信息系统升级（含切换或上线）期间的技术操作（软件系统）。",华银制〔2014〕300号__华夏银行信息系统变更管理实施细则.doc,""对于预计影响日结批处理时间超过60分钟或重要信息系统对外服务时段业务中断超过10分钟的变更，分管变更方案制定室、变更实施室的部门负责人及该系统风险总包负责人须参加生产调度会；生产调度会评估通过后，还须经科技开发部门负责人、信息技术部门负责人和首席信息官审核确认。",2849
68,"此模版适用于信息系统升级（含切换或上线）期间的技术操作（软件系统）。",华银制〔2014〕245号__华夏银行信息系统生产数据管理实施细则.doc,""业务数据恢复验证测试的目的在于验证备份数据的有效性和可恢复性，具体分为备份数据恢复技术验证测试与业务验证测试，其中技术验证测试由信息技术部门负责系统管理的室负责组织方案制定与实施，业务验证测试由相关业务部门负责组织方案制定与实施。恢复验证测试方案应具有详细的操作步骤和数据恢复是否成功的验证方法与标准。",1505
68,"此模版适用于信息系统升级（含切换或上线）期间的技术操作（软件系统）。",华银制〔2014〕245号__华夏银行信息系统生产数据管理实施细则.doc,""通过备份软件集中存储的系统级备份，由信息技术部门负责系统管理的室根据需要在主机更换、系统升级、灾备部署时进行恢复验证测试。采用安装介质刻盘或磁盘克隆的系统级备份无需进行恢复验证测试。",1503
68,"此模版适用于信息系统升级（含切换或上线）期间的技术操作（软件系统）。",华银制〔2014〕300号__华夏银行信息系统变更管理实施细则.doc,""（1）对于解决生产系统故障，需在业务高峰时段实施的紧急变更，须经方案制定人所在室负责人、部门分管负责人、关键系统风险总包负责人、科技开发部门负责人、信息技术部门负责人和首席信息官审批同意后方可实施。",2839
68,"此模版适用于信息系统升级（含切换或上线）期间的技术操作（软件系统）。",华银制〔2014〕245号__华夏银行信息系统生产数据管理实施细则.doc,""对于由于基础软件、产品自身限制等原因需要单独购买相应的厂商产品才能够进行恢复验证测试的信息系统，由应用维护人员、系统管理人员及厂商共同讨论确定备份数据恢复验证测试方案。",1509
68,"此模版适用于信息系统升级（含切换或上线）期间的技术操作（软件系统）。",华银制〔2014〕245号__华夏银行信息系统生产数据管理实施细则.doc,""系统服务级别为四、五级信息系统的备份数据恢复技术验证测试每月进行1次；系统服务级别为三级的每季度进行1次；系统服务级别为二级的每年进行1次；系统服务级别为一级及未定级的不定期进行。",1506
174,"计划停止服务时间2月26日20:00",华银制〔2014〕300号__华夏银行信息系统变更管理实施细则.doc,""（3）方案制定人负责组织制定变更方案，变更方案应包括变更计划开始时间和结束时间，实施步骤、操作分时计划（含变更中相关单位需要配合和确认的工作）、变更回退方案（含回退时间点和完成回退的时间）、变更风险评估、变更影响范围、是否会引起服务中断及服务中断时间、工作量估算、变更应急预案、变更前备份、验证方案等，与业务相关的变更还需提交测试报告。如变更系统包含多个节点，变更方案要包括每个节点的操作。对于有同城、异地灾备部署的系统，变更方案要包括同城、异地灾备环境的变更操作。方案制定人对变更方案的正确性和完整性负责。",2814
68,"此模版适用于信息系统升级（含切换或上线）期间的技术操作（软件系统）。",华银制〔2014〕300号__华夏银行信息系统变更管理实施细则.doc,""（1）应用系统版本发布应按照我行信息科技应用系统生产版本发布的有关规定执行。提交版本发布的变更方案应包括但不限于以下内容：变更计划开始时间和结束时间，实施步骤、操作分时计划（含变更中各单位需要配合和确认的工作）、变更回退方案（含回退时间点和完成回退的时间）、变更风险评估、变更影响范围、是否会引起服务中断及服务中断时间、工作量估算、变更应急预案、变更前的备份、测试报告、验证方案等。如变更系统包含多个节点，变更方案要包括每个节点的操作。对于有同城、异地灾备部署的系统，变更方案要包括同城、异地灾备环境的变更操作。方案制定人对变更方案的正确性和完整性负责。",2808
68,"此模版适用于信息系统升级（含切换或上线）期间的技术操作（软件系统）。",华银制〔2014〕300号__华夏银行信息系统变更管理实施细则.doc,""（1）重大变更实施前7个工作日，由信息系统负责人或变更实施人所在室负责人组织完成操作手册编写和评审，确保操作手册内容正确、完整和规范；其所在室负责人为重大变更操作手册评审的第一责任人。",2788
68,"此模版适用于信息系统升级（含切换或上线）期间的技术操作（软件系统）。",华银制〔2014〕300号__华夏银行信息系统变更管理实施细则.doc,""（2）评审通过后的操作手册由参会评审人员、信息系统负责人、操作手册编写人所在室负责人签字确认，部门分管负责人审核并签字。操作手册在重大变更前5个工作日完成提交。",2789
68,"此模版适用于信息系统升级（含切换或上线）期间的技术操作（软件系统）。",华银制〔2014〕300号__华夏银行信息系统变更管理实施细则.doc,""重大变更实施前4周和1周，应用系统阶段版本等变更由科技开发部门分管负责人或以上人员牵头，负责项目管理的室组织完成风险评估；不涉及应用系统版本变化的操作系统、数据库、中间件、硬件升级，网络变更，生产机房、灾备机房基础设施和环境改造、场地迁移等由信息技术部门分管负责人或以上人员牵头，负责科技安全的室组织完成风险评估。评估内容包括系统功能缺陷、客户信息泄露、业务中断、交易缓慢或其他因素造成的操作风险、法律风险和声誉风险等。",2770
68,"此模版适用于信息系统升级（含切换或上线）期间的技术操作（软件系统）。",华银制〔2014〕300号__华夏银行信息系统变更管理实施细则.doc,""（3）信息科技部门负责制度与操作管理的室组织填写《重要信息系统投产及变更报告表》（银行业金融机构信息科技非现场监管报表T-A-6）在变更实施前10个工作日和实施后6个工作日内报送市场与操作风险管理部门，由其向银监会或其派出机构报送。",2775
68,"此模版适用于信息系统升级（含切换或上线）期间的技术操作（软件系统）。",华银制〔2014〕300号__华夏银行信息系统变更管理实施细则.doc,""（3）重大变更实施方案正式发布后，原则上不允许修改。如需修改，应参照信息科技年度应用系统软硬件升级及演练计划管理流程的要求，变更提出室以书面形式说明变更内容、变更原因、变更影响分析和变更风险评估等，经室负责人、部门分管负责人签字同意，提请变更实施总指挥审批同意后，根据审批意见修订方案并重新发布。",2779
68,"此模版适用于信息系统升级（含切换或上线）期间的技术操作（软件系统）。",华银制〔2014〕300号__华夏银行信息系统变更管理实施细则.doc,""（4）重大变更演练期间，信用卡中心、信息科技部门相关室负责组织检查各自系统操作手册中每个步骤的执行情况，确保操作步骤准确无误。负责变更组织的室负责对操作步骤与操作手册的一致性进行抽查。",2791
68,"此模版适用于信息系统升级（含切换或上线）期间的技术操作（软件系统）。",华银制〔2014〕300号__华夏银行信息系统变更管理实施细则.doc,""（3）评审通过后的操作手册如发生变更，信息系统负责人应在操作手册中注明变更内容及变更原因，在重大变更前3个工作日组织重新评审，并将相关评审材料重新提交。",2790
68,"此模版适用于信息系统升级（含切换或上线）期间的技术操作（软件系统）。",华银制〔2014〕300号__华夏银行信息系统变更管理实施细则.doc,""（2）分行将评审通过后的操作手册提交总行信息科技部门审核，总行信息科技部门相关室负责在重大变更实施前7个工作日，完成操作手册的审核，并由总行对应系统负责人签字确认。操作手册在重大变更实施前5个工作日完成提交。",2795
68,"此模版适用于信息系统升级（含切换或上线）期间的技术操作（软件系统）。",华银制〔2014〕300号__华夏银行信息系统变更管理实施细则.doc,""（1）分行信息技术部门负责人为分行重大变更操作手册评审的第一责任人。在重大变更实施前10工作日，组织完成操作手册的编写和评审，确保操作手册内容正确、完整和规范；评审通过后的操作手册由参会评审人员、分行信息系统负责人、分行信息技术部门负责人签字确认。",2794
68,"此模版适用于信息系统升级（含切换或上线）期间的技术操作（软件系统）。",华银制〔2014〕300号__华夏银行信息系统变更管理实施细则.doc,""重大变更涉及分行操作的，由分行信息技术部门牵头组织完成变更操作手册评审。",2793
68,"此模版适用于信息系统升级（含切换或上线）期间的技术操作（软件系统）。",华银制〔2014〕300号__华夏银行信息系统变更管理实施细则.doc,""    （3）审核通过后的操作手册如有变更，分行信息系统负责人应在操作手册中注明变更内容及变更原因，在重大变更实施前3个工作日组织重新评审，并将相关评审材料重新提交。",2796
68,"此模版适用于信息系统升级（含切换或上线）期间的技术操作（软件系统）。",华银制〔2014〕245号__华夏银行信息系统生产数据管理实施细则.doc,""（1）信息技术部门负责制定数据备份与恢复验证测试要求；负责集中备份与恢复验证测试环境建设；负责集中备份软件部署、生产数据集中备份及集中备份作业执行结果检查，存储介质管理、备份数据恢复技术验证测试等工作；负责采取必要的安全措施，确保数据传输安全；负责分析生产数据下载、非计划性修改等对生产运行的影响。",1466
68,"此模版适用于信息系统升级（含切换或上线）期间的技术操作（软件系统）。",华银制〔2014〕300号__华夏银行信息系统变更管理实施细则.doc,""（2）重要信息系统基本信息：包括系统名称、业务功能，操作系统、数据库、中间件情况，应用架构、技术架构、数据架构，生产主机备份方案、数据备份方案，运行管理部门和维护支持人员及联系方式，是否已具备灾备环境等。",2762
90," HYPERLINK \l "_Toc411840797" 1.5	升级实施人员安排	 PAGEREF _Toc411840797 \h 5",华银制〔2014〕300号__华夏银行信息系统变更管理实施细则.doc,""生产调度会原则上每周召开一次，讨论本周变更安排。评估范围原则上包括标准变更和解决P3级（含）以上生产问题或由网络、系统、安全等运维人员主动发起，为解决系统潜在风险进行的常规变更。如果变更不属于标准变更，且不属于解决P3级及以上生产问题的常规变更，变更方案制订人，分管变更方案制定、变更实施的部门负责人及该系统风险总包负责人应参加生产调度会。如参会人员缺席，则与该缺席人员相关的变更不在当周的调度会上讨论，不安排当周实施变更。",2846
68,"此模版适用于信息系统升级（含切换或上线）期间的技术操作（软件系统）。",华银制〔2014〕245号__华夏银行信息系统生产数据管理实施细则.doc,""（5）支持集中备份信息系统的业务数据备份，由信息技术部门负责系统管理的室负责实施；由于基础软件、产品自身限制等原因不支持集中备份的信息系统，由科技开发部门负责系统应用维护的室负责实施。没有业务数据的系统，如视频会议系统、桌面管控管理系统等，无需进行业务数据备份。存放客户或银行内部账务数据的系统，包含总账系统以及向总账系统提供账务数据的系统，年末生产数据备份实行双份备份，一份本地保存，另一份同城异地保存，保存期限为永久保存。",1493
68,"此模版适用于信息系统升级（含切换或上线）期间的技术操作（软件系统）。",华银制〔2014〕245号__华夏银行信息系统生产数据管理实施细则.doc,""4.3.2 信息技术部负责系统管理的室负责对离线备份数据进行清理，清理时应对存储介质进行消磁操作，并做好消磁记录。清理完成后，清理人员提交《华夏银行生产数据存储介质消磁登记表》（模板参见附件1）",1498
68,"此模版适用于信息系统升级（含切换或上线）期间的技术操作（软件系统）。",华银制〔2014〕245号__华夏银行信息系统生产数据管理实施细则.doc,""信息技术部门根据人民银行、银监会、公安部等部门对信息系统安全等级保护的要求，结合我行实际情况，参照其系统服务级别对信息系统进行分级，共分为五级，五级最高，一级最低。各系统生产数据备份与恢复验证测试以其系统服务级别要求为基线标准。",1482
68,"此模版适用于信息系统升级（含切换或上线）期间的技术操作（软件系统）。",华银制〔2014〕245号__华夏银行信息系统生产数据管理实施细则.doc,""系统级备份由信息技术部门负责系统管理的室负责，基于AIX平台系统服务级别为三、四、五级的信息系统每年进行1次，保存期限为1年，备份方式主要采用磁带备份或备份软件集中备份；系统服务级别为一、二级以及非AIX平台的信息系统主要采用对基础软件安装介质进行刻盘保存与磁盘克隆的方式备份，不同平台不同基础软件、不同版本基于不同介质各备份2套。",1487
230,"使用pl用户登录公积金系统主机，执行命令：/u01/pl/trans/startPL.sh，如果输出以下内容，TongEASY启动成功。",华银制〔2014〕245号__华夏银行信息系统生产数据管理实施细则.doc,""（2）生产数据非计划性修改如涉及以下特殊情况，对总行管理的系统进行生产数据非计划性修改，由总行经办业务部门起草签报，会签内控合规部门、操作风险管理部门，对数据修改的合规性进行审核，报分管行领导审批通过后，作为数据修改申请的附件提交总行信息技术部门负责生产运行的室。对分行管理的系统进行生产数据非计划性修改，由分行经办业务部门起草签报，会签分行内控合规部门，对数据修改的合规性进行审核，报分管行领导审批通过后，作为数据修改申请的附件提交分行信息技术部门。签报至少包括修改原因、修改内容及外部影响等详细内容。",1613
201,"文件传输系统节点配置",华银制〔2014〕245号__华夏银行信息系统生产数据管理实施细则.doc,""生产数据备份分为系统级备份、业务数据备份与应用程序备份。系统级备份是指生产系统所使用的操作系统、数据库、中间件等基础软件的备份；业务数据备份是指生产系统所产生的数据文件、数据记录以及数据库归档日志等数据的备份；应用程序备份是指应用程序相关程序代码以及配置文件的备份。",1485
309,"公积金系统升级操作通讯参数表",华银制〔2014〕197号__华夏银行信息系统设备管理办法.doc,""第二十四条 设备的安装应按照生产系统硬件设备安装、升级及备件更换操作流程执行。",90
190,"数据库库表数据更新",华银制〔2014〕245号__华夏银行信息系统生产数据管理实施细则.doc,""5.1.4生产数据管理部门应妥善保管载有在本地前后台计算机系统内安装的全部操作系统软件（含操作系统补丁程序）、数据库、通讯软件、开发工具软件、应用软件及应用软件和数据库的环境参数（库表）等软件和数据的光盘、磁带、软盘等介质。应用软件和银行业务信息属机密档案，应严格采取保密措施存放，并建立登记簿详细记录各介质出入库情况。",1520
