scid,context,doc_name,doc_context,rcid,similarity
24,"登陆生产工作主机使用命令",华银制〔2014〕300号__华夏银行信息系统变更管理实施细则.doc,""标准变更实行准入准出机制。针对日常操作中经常出现，变更方案成熟，技术风险和业务风险均可控的常规变更（如网络端口配置、增加操作系统级用户等，但应用系统版本变更除外），可纳入标准变更管理。受理此类变更的室可向生产调度会提交经室负责人审核的《华夏银行信息系统标准变更申请表》（模板参见附件1），对标准变更申请进行评估，评估通过的申请列入标准变更列表，后续同类变更可按照标准变更流程执行。"",2823,0.061855670103092786
15,"    厂商提供的冷备机加点上线，与线上主机（已返厂检修送回设备）形成热备。",华银制〔2014〕197号__华夏银行信息系统设备管理办法.doc,""第二条 本办法所称设备主要包括计算机主机、外围设备、基础设施设备、网络设备和安全设备等类型。"",39,0.1875
24,"登陆生产工作主机使用命令",华银制〔2014〕300号__华夏银行信息系统变更管理实施细则.doc,""因特殊情况（如生产系统故障、告警等）确需进行紧急变更的，可采用电话授权或临时召开评审会的方式进行紧急审批；如紧急变更涉及应用程序补丁发布，在紧急上版前必须依据我行生产系统版本发布的有关要求完成审批；其他紧急变更必须在紧急变更实施后一个工作日内补办审批手续。紧急变更审批要求如下："",2838,0.1
24,"登陆生产工作主机使用命令",华银制〔2014〕245号__华夏银行信息系统生产数据管理实施细则.doc,""生产数据恢复验证测试分为系统级恢复验证测试、业务数据恢复验证测试和应用程序恢复验证测试。"",1501,0.21428571428571427
24,"登陆生产工作主机使用命令",华银制〔2014〕245号__华夏银行信息系统生产数据管理实施细则.doc,""6.1需加密的生产数据，由业务部门和科技开发部门共同提出需求，科技开发部门采用国家密码管理机构批准的加密产品、业界通用的加密算法实施，生产数据管理部门按照有关法律、法规和我行有关规定严格管理，防止生产数据被非法使用、窃取、篡改和破坏。"",1529,0.12903225806451613
24,"登陆生产工作主机使用命令",华银制〔2014〕245号__华夏银行信息系统生产数据管理实施细则.doc,""5.2.2生产数据使用部门对生产数据存储介质销毁过程中的安全保密工作负责。"",1524,0.25
24,"登陆生产工作主机使用命令",华银制〔2014〕245号__华夏银行信息系统生产数据管理实施细则.doc,""5.1.4生产数据管理部门应妥善保管载有在本地前后台计算机系统内安装的全部操作系统软件（含操作系统补丁程序）、数据库、通讯软件、开发工具软件、应用软件及应用软件和数据库的环境参数（库表）等软件和数据的光盘、磁带、软盘等介质。应用软件和银行业务信息属机密档案，应严格采取保密措施存放，并建立登记簿详细记录各介质出入库情况。"",1520,0.09876543209876543
24,"登陆生产工作主机使用命令",华银制〔2014〕245号__华夏银行信息系统生产数据管理实施细则.doc,""（5）总行业务部门负责人审核分行本专业条线生产数据使用部门提交的数据下载申请和脱敏需求的合规性、合法性。审核通过后，提交总行信息技术部门负责生产运行的室。"",1557,0.13636363636363635
24,"登陆生产工作主机使用命令",华银制〔2014〕245号__华夏银行信息系统生产数据管理实施细则.doc,""（4）二级分行申请下载生产数据的，二级分行生产数据使用部门及分管行领导审核完成后，需提交一级分行相应业务部门、信息技术部门负责人及业务部门分管行领导审核。"",1555,0.13333333333333333
24,"登陆生产工作主机使用命令",华银制〔2014〕245号__华夏银行信息系统生产数据管理实施细则.doc,""7.4.1信息技术部门负责生产运行的室应建立生产数据下载台账，科技开发部门负责系统应用维护的室要严格按照技术方案实施生产数据下载，下载方案实施人员、复核人员和生产数据使用人员应对已下载生产数据与申请数据的一致性负责，已下载生产数据进行压缩加密，加密规则要求最低不少于6位的数字、字母和特殊字符组成，并将已压缩的数据放置在移交专用机器上，删除操作机器上的临时数据。分行申请下载的数据，由科技开发部门负责系统应用维护的室实施下载，信息技术部门负责生产运行的室通过指定的移交专用机器发送给分行信息技术部门，由分行信息技术部门负责后续移交。"",1566,0.0410958904109589
24,"登陆生产工作主机使用命令",华银制〔2014〕245号__华夏银行信息系统生产数据管理实施细则.doc,""7.3.1数据下载方案和脱敏方案由科技开发部门负责系统应用维护的室指定专人制定，方案制定人根据申请单编写数据下载和脱敏的具体操作脚本、详细处理方法（具体要求见《华夏银行生产数据敏感信息脱敏处理方法》（附件7）），下载生产数据如涉及敏感数据，应由数据使用部门和系统应用维护部门共同提出敏感数据脱敏方法。"",1563,0.0759493670886076
24,"登陆生产工作主机使用命令",华银制〔2014〕245号__华夏银行信息系统生产数据管理实施细则.doc,""（5）数据使用期限到期后，对未移交的下载生产数据，不能继续办理移交和使用，生产数据使用部门应在3个工作日内关闭申请。"",1591,0.16216216216216217
24,"登陆生产工作主机使用命令",华银制〔2014〕245号__华夏银行信息系统生产数据管理实施细则.doc,""（6）数据使用期限到期后，如遇特殊情况需要延期使用的，生产数据使用部门在数据使用期限到期前5个工作日内提出延期申请，经分管行领导审批同意后可延期使用。"",1592,0.1276595744680851
21,"需要验证 vpn tunnel show信息",华银制〔2014〕245号__华夏银行信息系统生产数据管理实施细则.doc,""（1）总行端数据修改技术方案由科技开发部门负责系统应用维护的室负责人、部门分管负责人，信息技术部门负责科技安全的室负责人等进行审核。审核通过后提交信息技术部门负责生产运行的室负责人审核，通过后若准生产环境具备验证条件的，应在准生产环境中运行修改脚本进行验证，并由申请人员验证修改的正确性，验证通过后，由负责生产运行的室负责人审核测试结果，并提交信息技术部门分管生产运行的负责人审批；如无法进行验证操作，应在审核流程中说明，并制定相应的应急预案后提交信息技术部门分管生产运行的负责人审批。"",1628,0.046153846153846156
21,"需要验证 vpn tunnel show信息",华银制〔2014〕245号__华夏银行信息系统生产数据管理实施细则.doc,""（2）分行端系统数据修改技术方案应由分行信息技术部门技术人员在测试环境中验证，并将测试结果提交分行信息技术部门负责人审核，若无法进行验证操作应由分行信息技部门负责人在审批流程中说明并制定相应的应急预案。 "",1629,0.10344827586206896
15,"    厂商提供的冷备机加点上线，与线上主机（已返厂检修送回设备）形成热备。",华银制〔2014〕197号__华夏银行信息系统设备管理办法.doc,""第二十九条 设备维修前，信息技术部门设备归口管理室须将存贮介质内涉及的数据信息按照生产数据管理的有关要求进行处理并彻底清除，确保数据安全。维修完成后，由设备归口管理室人员在相关的设备维修单上签字确认。如设备进行更换的，归口管理室人员应在资源管理信息系统中进行设备信息更新。当外单位维修人员进行现场维修时，必须由设备归口管理室人员陪同，以保证设备和信息的安全。"",98,0.0594059405940594
24,"登陆生产工作主机使用命令",华银制〔2014〕245号__华夏银行信息系统生产数据管理实施细则.doc,""（5）数据使用期限到期后，对未移交的下载生产数据，不能继续办理移交和使用，生产数据使用部门应在3个工作日内关闭申请。"",1584,0.16216216216216217
24,"登陆生产工作主机使用命令",华银制〔2014〕245号__华夏银行信息系统生产数据管理实施细则.doc,""（6）数据使用期限到期后，如遇特殊情况需要延期使用的，生产数据使用部门在数据使用期限到期前5个工作日内提出延期申请，经本部门负责人审批同意后可延期使用。"",1585,0.1276595744680851
15,"    厂商提供的冷备机加点上线，与线上主机（已返厂检修送回设备）形成热备。",华银制〔2014〕197号__华夏银行信息系统设备管理办法.doc,""（三）核对设备原厂信息，包括序列号和配置、用户信息、保修级别和日期等内容，检查原厂商提供的设备清单与合同要求是否一致。"",68,0.2
15,"    厂商提供的冷备机加点上线，与线上主机（已返厂检修送回设备）形成热备。",华银制〔2014〕197号__华夏银行信息系统设备管理办法.doc,""第八条 总行信息技术部门负责设备管理的室负责设备固定资产管理，组织验收、盘点、报废技术鉴定等；负责系统管理、机房基础设施管理、网络管理、科技安全管理的室分别是计算机主机和外围设备、机房基础设施设备、网络设备和安全设备的归口管理室，负责设备的日常管理和维护，并参与设备的验收；负责商务管理的室负责设备商务合同管理。"",54,0.06976744186046512
2,"原工作机发生重启情况，工作方式变为备份状态，设备返厂检修完毕，上线生产，同时现工作机下线返厂检修。",附件：2.华夏银行XX系统备份数据恢复（验证测试）审批表.doc,""备份数据恢复业务验证方"",2203,0.375
2,"原工作机发生重启情况，工作方式变为备份状态，设备返厂检修完毕，上线生产，同时现工作机下线返厂检修。",华银制〔2014〕332号__华夏银行分行信息系统业务操作与信息科技管理评价办法.doc,""（三）分行根据本行工作情况，对于获得监管部门、上级管理部门的表彰与奖励以及突出贡献的事项向总行信息技术部门提出加分申请，总行信息技术部门负责制度管理的室根据分行上报的事项，提交总行信息技术部门、科技开发部门相关专业管理室提出加分意见，经复核确认后进行加分记录。"",3513,0.07792207792207792
2,"原工作机发生重启情况，工作方式变为备份状态，设备返厂检修完毕，上线生产，同时现工作机下线返厂检修。",华银制〔2014〕332号__华夏银行分行信息系统业务操作与信息科技管理评价办法.doc,""（二）加分和减分。根据分行信息系统业务操作与信息科技管理活动开展情况，在评价期内，对各评价项的重点评价内容，实行加、减分处理。"",3505,0.13953488372093023
24,"登陆生产工作主机使用命令",华银制〔2014〕300号__华夏银行信息系统变更管理实施细则.doc,""因特殊情况（如生产系统故障、告警等）确需进行紧急变更的，可采用电话授权或临时召开评审会的方式进行紧急审批；如紧急变更涉及应用程序补丁发布，在紧急上版前必须依据我行应用系统版本发布的有关要求完成审批；其他紧急变更必须在紧急变更实施后一个工作日内补办审批手续。紧急变更需由分行信息技术部门负责人审批同意后方可实施。"",2907,0.09090909090909091
5,"登陆工作主机 使用命令vpn tunnel show 记录隧道状态",华银制〔2014〕197号__华夏银行信息系统设备管理办法.doc,""第二十二条 设备领用时，固定资产实物管理部门对设备进行出库管理，在资源管理信息系统中录入使用机构、领用部门、放置地点、领用人、设备状态、设备用途、所属项目或应用系统等信息，打印固定资产标签并统一粘贴到设备明显位置，并与设备领用部门办理交接手续。"",85,0.09230769230769231
5,"登陆工作主机 使用命令vpn tunnel show 记录隧道状态",华银制〔2014〕332号__华夏银行分行信息系统业务操作与信息科技管理评价办法.doc,""（三）分行根据本行工作情况，对于获得监管部门、上级管理部门的表彰与奖励以及突出贡献的事项向总行信息技术部门提出加分申请，总行信息技术部门负责制度管理的室根据分行上报的事项，提交总行信息技术部门、科技开发部门相关专业管理室提出加分意见，经复核确认后进行加分记录。"",3513,0.08
24,"登陆生产工作主机使用命令",华银制〔2014〕245号__华夏银行信息系统生产数据管理实施细则.doc,""8.1.2生产数据非计划性修改由业务部门牵头组织，负责制定业务方案、参与技术方案的评审以及准生产环境中的测试，组织生产数据非计划性修改的实施，对数据修改的业务合规性、合法性、正确性，以及修改后的业务验证和应急业务处理负责；总行科技开发部门负责系统应用维护的室（分行信息技术部门）负责制定技术方案（包含数据修改操作步骤、应急回退操作步骤等），组织技术方案评审、修改前数据备份、依据技术方案实施数据修改操作和操作过程中的复核工作，对数据修改的可行性、操作正确性，以及修改后的技术验证和应急技术处理负责；信息技术部门负责生产运行的人员负责对数据修改进行统计。"",1607,0.056338028169014086
7,"将现用工作主机配置导入返厂检修完毕的主机。",华银制〔2014〕245号__华夏银行信息系统生产数据管理实施细则.doc,""（1）信息技术部门负责制定数据备份与恢复验证测试要求；负责集中备份与恢复验证测试环境建设；负责集中备份软件部署、生产数据集中备份及集中备份作业执行结果检查，存储介质管理、备份数据恢复技术验证测试等工作；负责采取必要的安全措施，确保数据传输安全；负责分析生产数据下载、非计划性修改等对生产运行的影响。"",1466,0.0759493670886076
24,"登陆生产工作主机使用命令",华银制〔2014〕245号__华夏银行信息系统生产数据管理实施细则.doc,""7.9.1已下载生产数据使用期限到期后，数据使用部门负责及时销毁，包括各种形式存在的数据（如复制品、备份文件、压缩包文件、解压文件、导入数据库中的数据等），并对销毁过程中的安全保密工作负责。如因特殊情况需要，已下载生产数据需申请延长期限保存的，需由生产数据使用部门分管行领导审批。"",1600,0.07792207792207792
7,"将现用工作主机配置导入返厂检修完毕的主机。",华银制〔2014〕300号__华夏银行信息系统变更管理实施细则.doc,""（2）重要信息系统基本信息：包括系统名称、业务功能，操作系统、数据库、中间件情况，应用架构、技术架构、数据架构，生产主机备份方案、数据备份方案，运行管理部门和维护支持人员及联系方式，是否已具备灾备环境等。"",2762,0.11538461538461539
24,"登陆生产工作主机使用命令",华银制〔2014〕245号__华夏银行信息系统生产数据管理实施细则.doc,""8.5.2由于同一分行或同一业务部门的操作错误造成对生产数据非计划性修改累计三次（含）以上的，由生产数据非计划性修改实施单位通知操作错误的分行或部门，由分行或部门采取加强操作培训、现场指导等方式解决，对情节严重的给予相应处罚。"",1644,0.09523809523809523
7,"将现用工作主机配置导入返厂检修完毕的主机。",华银制〔2014〕245号__华夏银行信息系统生产数据管理实施细则.doc,""负责对与本部门相关的生产数据提出加密、备份需求；审核与本条线相关生产数据下载、非计划性修改等使用申请及业务方案的合法性和合规性；组织备份数据恢复业务验证测试等工作。"",1474,0.12
7,"将现用工作主机配置导入返厂检修完毕的主机。",华银制〔2014〕245号__华夏银行信息系统生产数据管理实施细则.doc,""（1）系统服务级别为四、五级信息系统的数据应实现异地同步复制，每日日结后进行全量数据备份，备份磁带保存期限为3个月；年末、结息日等特定业务日期实行双份备份，一份本地存放，另一份同城异地存放，其中年末数据备份永久保存，结息日等数据备份保存期限为15年。"",1489,0.08450704225352113
7,"将现用工作主机配置导入返厂检修完毕的主机。",华银制〔2014〕245号__华夏银行信息系统生产数据管理实施细则.doc,""生产数据备份分为系统级备份、业务数据备份与应用程序备份。系统级备份是指生产系统所使用的操作系统、数据库、中间件等基础软件的备份；业务数据备份是指生产系统所产生的数据文件、数据记录以及数据库归档日志等数据的备份；应用程序备份是指应用程序相关程序代码以及配置文件的备份。"",1485,0.08
2,"原工作机发生重启情况，工作方式变为备份状态，设备返厂检修完毕，上线生产，同时现工作机下线返厂检修。",华银制〔2014〕332号__华夏银行分行信息系统业务操作与信息科技管理评价办法.doc,""（七）信息科技综合管理，重点包括受到监管部门及上级管理部门表彰与奖励、信息科技事件处置与上报、问题整改及落实情况、科技引领与支持全行性工作、信息科技执行力等内容。"",3489,0.12244897959183673
2,"原工作机发生重启情况，工作方式变为备份状态，设备返厂检修完毕，上线生产，同时现工作机下线返厂检修。",华银制〔2014〕332号__华夏银行分行信息系统业务操作与信息科技管理评价办法.doc,""（六）组织管理，重点包括信息科技管理委员会工作情况、人员与岗位、培训与考试和外包管理等内容。"",3488,0.1935483870967742
2,"原工作机发生重启情况，工作方式变为备份状态，设备返厂检修完毕，上线生产，同时现工作机下线返厂检修。",华银制〔2014〕332号__华夏银行分行信息系统业务操作与信息科技管理评价办法.doc,""第三条 本办法所称信息系统业务操作与信息科技管理评价，是对分行信息科技基础设施管理、系统运维管理、信息系统业务操作管理、信息安全管理、项目管理、组织管理、信息科技综合管理等方面进行的全面评价。通过设立评价指标，客观、真实地反映分行信息科技管理现状，对分行信息科技管理做出分类评价。"",3477,0.07692307692307693
2,"原工作机发生重启情况，工作方式变为备份状态，设备返厂检修完毕，上线生产，同时现工作机下线返厂检修。",华银制〔2014〕332号__华夏银行分行信息系统业务操作与信息科技管理评价办法.doc,""第一条 为规范分行信息系统业务操作与信息科技管理评价工作，综合反映分行信息系统业务操作与信息科技管理工作质量，促进分行信息科技风险管理能力提升，制定本办法。"",3475,0.125
2,"原工作机发生重启情况，工作方式变为备份状态，设备返厂检修完毕，上线生产，同时现工作机下线返厂检修。",华银制〔2014〕332号__华夏银行分行信息系统业务操作与信息科技管理评价办法.doc,""为加强华夏银行分行信息系统业务操作与信息科技管理评价工作，总行对《华夏银行分行信息系统业务操作与信息科技管理评价办法》（华银制〔2013〕285号）进行了修订，主要修订内容如下："",3455,0.125
4,"备份现用线上主机、备机配置",华银制〔2014〕245号__华夏银行信息系统生产数据管理实施细则.doc,""通过备份软件集中存储的系统级备份，由信息技术部门负责系统管理的室根据需要在主机更换、系统升级、灾备部署时进行恢复验证测试。采用安装介质刻盘或磁盘克隆的系统级备份无需进行恢复验证测试。"",1503,0.11320754716981132
7,"将现用工作主机配置导入返厂检修完毕的主机。",华银制〔2014〕245号__华夏银行信息系统生产数据管理实施细则.doc,""通过备份软件集中存储的系统级备份，由信息技术部门负责系统管理的室根据需要在主机更换、系统升级、灾备部署时进行恢复验证测试。采用安装介质刻盘或磁盘克隆的系统级备份无需进行恢复验证测试。"",1503,0.1111111111111111
7,"将现用工作主机配置导入返厂检修完毕的主机。",华银制〔2014〕300号__华夏银行信息系统变更管理实施细则.doc,""（3）方案制定人负责组织制定变更方案，变更方案应包括变更计划开始时间和结束时间，实施步骤、操作分时计划（含变更中相关单位需要配合和确认的工作）、变更回退方案（含回退时间点和完成回退的时间）、变更风险评估、变更影响范围、是否会引起服务中断及服务中断时间、工作量估算、变更应急预案、变更前备份、验证方案等，与业务相关的变更还需提交测试报告。如变更系统包含多个节点，变更方案要包括每个节点的操作。对于有同城、异地灾备部署的系统，变更方案要包括同城、异地灾备环境的变更操作。方案制定人对变更方案的正确性和完整性负责。"",2814,0.072992700729927
7,"将现用工作主机配置导入返厂检修完毕的主机。",华银制〔2014〕300号__华夏银行信息系统变更管理实施细则.doc,""（1）应用系统版本发布应按照我行信息科技应用系统生产版本发布的有关规定执行。提交版本发布的变更方案应包括但不限于以下内容：变更计划开始时间和结束时间，实施步骤、操作分时计划（含变更中各单位需要配合和确认的工作）、变更回退方案（含回退时间点和完成回退的时间）、变更风险评估、变更影响范围、是否会引起服务中断及服务中断时间、工作量估算、变更应急预案、变更前的备份、测试报告、验证方案等。如变更系统包含多个节点，变更方案要包括每个节点的操作。对于有同城、异地灾备部署的系统，变更方案要包括同城、异地灾备环境的变更操作。方案制定人对变更方案的正确性和完整性负责。"",2808,0.05333333333333334
7,"将现用工作主机配置导入返厂检修完毕的主机。",华银制〔2014〕245号__华夏银行信息系统生产数据管理实施细则.doc,""系统服务级别为四、五级信息系统的备份数据恢复业务验证测试每年进行1次，其他服务级别的无需进行备份数据恢复业务验证测试。业务验证测试可以在灾备环境中进行，也可以将备份数据恢复到数据恢复环境，再将数据导入其它环境进行。"",1507,0.09836065573770492
21,"需要验证 vpn tunnel show信息",华银制〔2014〕300号__华夏银行信息系统变更管理实施细则.doc,""（3）重大变更实施方案正式发布后，原则上不允许修改。如需修改，应参照信息科技年度应用系统软硬件升级及演练计划管理流程的要求，变更提出室以书面形式说明变更内容、变更原因、变更影响分析和变更风险评估等，经室负责人、部门分管负责人签字同意，提请变更实施总指挥审批同意后，根据审批意见修订方案并重新发布。"",2779,0.07894736842105263
7,"将现用工作主机配置导入返厂检修完毕的主机。",华银制〔2014〕245号__华夏银行信息系统生产数据管理实施细则.doc,""8.1.2生产数据非计划性修改由业务部门牵头组织，负责制定业务方案、参与技术方案的评审以及准生产环境中的测试，组织生产数据非计划性修改的实施，对数据修改的业务合规性、合法性、正确性，以及修改后的业务验证和应急业务处理负责；总行科技开发部门负责系统应用维护的室（分行信息技术部门）负责制定技术方案（包含数据修改操作步骤、应急回退操作步骤等），组织技术方案评审、修改前数据备份、依据技术方案实施数据修改操作和操作过程中的复核工作，对数据修改的可行性、操作正确性，以及修改后的技术验证和应急技术处理负责；信息技术部门负责生产运行的人员负责对数据修改进行统计。"",1607,0.04225352112676056
7,"将现用工作主机配置导入返厂检修完毕的主机。",华银制〔2014〕245号__华夏银行信息系统生产数据管理实施细则.doc,""7.9.1已下载生产数据使用期限到期后，数据使用部门负责及时销毁，包括各种形式存在的数据（如复制品、备份文件、压缩包文件、解压文件、导入数据库中的数据等），并对销毁过程中的安全保密工作负责。如因特殊情况需要，已下载生产数据需申请延长期限保存的，需由生产数据使用部门分管行领导审批。"",1600,0.07792207792207792
14,"   下线的原工作机（后切换至工作备机）的配置导入厂商提供的冷备机。",华银制〔2014〕197号__华夏银行信息系统设备管理办法.doc,""（三）核对设备原厂信息，包括序列号和配置、用户信息、保修级别和日期等内容，检查原厂商提供的设备清单与合同要求是否一致。"",68,0.15384615384615385
21,"需要验证 vpn tunnel show信息",华银制〔2014〕300号__华夏银行信息系统变更管理实施细则.doc,""4.7.2.3为加强生产变更风险管理，对于具备测试条件（含性能测试）的变更，生产变更实施前，方案制定人、方案实施人等相关人员在准生产环境上进行严格、完整的模拟测试；不具备测试条件或分管变更受理室的部门负责人确认不需要测试的变更，需说明原因；纳入标准变更列表的变更，不需要进行测试。"",2891,0.0821917808219178
21,"需要验证 vpn tunnel show信息",华银制〔2014〕245号__华夏银行信息系统生产数据管理实施细则.doc,""（3）生产数据移交应通过受控网络（不得通过办公自动化系统）或受控传输介质，通过受控网络传输不得在生产高峰期进行，通过受控介质传输，应由我行两人或两人以上使用受控介质传输，禁止在无我行两人或两人以上监督的情况下通过第三方（如快递等）进行传输。特殊情况需要其他方式传递的，需在《华夏银行生产数据交接登记表》中说明，并经生产数据管理部门负责人授权。"",1582,0.06593406593406594
5,"登陆工作主机 使用命令vpn tunnel show 记录隧道状态",华银制〔2014〕309号__华夏银行信息系统问题管理实施细则.doc,""5.2 技术和业务人员在系统使用、配置、维护及监控过程中发现的，如不解决可能会影响系统正常运行的情况应提出问题。"",3119,0.15789473684210525
21,"需要验证 vpn tunnel show信息",华银制〔2014〕300号__华夏银行信息系统变更管理实施细则.doc,""（1）应用系统版本发布应按照我行信息科技应用系统生产版本发布的有关规定执行。提交版本发布的变更方案应包括但不限于以下内容：变更计划开始时间和结束时间，实施步骤、操作分时计划（含变更中各单位需要配合和确认的工作）、变更回退方案（含回退时间点和完成回退的时间）、变更风险评估、变更影响范围、是否会引起服务中断及服务中断时间、工作量估算、变更应急预案、变更前的备份、测试报告、验证方案等。如变更系统包含多个节点，变更方案要包括每个节点的操作。对于有同城、异地灾备部署的系统，变更方案要包括同城、异地灾备环境的变更操作。方案制定人对变更方案的正确性和完整性负责。"",2808,0.04081632653061224
15,"    厂商提供的冷备机加点上线，与线上主机（已返厂检修送回设备）形成热备。",华银制〔2014〕314号__华夏银行信息系统事件管理实施细则.doc,""事件处置完成后，总行事件涉及的关键系统风险总包负责人或分行信息技术部门负责人要组织事件涉及的相关人员将事件解决方法归纳总结，形成知识或事件库，为后续事件解决提供支持。"",3392,0.11320754716981132
21,"需要验证 vpn tunnel show信息",华银制〔2014〕300号__华夏银行信息系统变更管理实施细则.doc,""（3）方案制定人负责组织制定变更方案，变更方案应包括变更计划开始时间和结束时间，实施步骤、操作分时计划（含变更中相关单位需要配合和确认的工作）、变更回退方案（含回退时间点和完成回退的时间）、变更风险评估、变更影响范围、是否会引起服务中断及服务中断时间、工作量估算、变更应急预案、变更前备份、验证方案等，与业务相关的变更还需提交测试报告。如变更系统包含多个节点，变更方案要包括每个节点的操作。对于有同城、异地灾备部署的系统，变更方案要包括同城、异地灾备环境的变更操作。方案制定人对变更方案的正确性和完整性负责。"",2814,0.04477611940298507
21,"需要验证 vpn tunnel show信息",华银制〔2014〕245号__华夏银行信息系统生产数据管理实施细则.doc,""对于由于基础软件、产品自身限制等原因需要单独购买相应的厂商产品才能够进行恢复验证测试的信息系统，由应用维护人员、系统管理人员及厂商共同讨论确定备份数据恢复验证测试方案。"",1509,0.13043478260869565
21,"需要验证 vpn tunnel show信息",华银制〔2014〕245号__华夏银行信息系统生产数据管理实施细则.doc,""通过备份软件集中存储的系统级备份，由信息技术部门负责系统管理的室根据需要在主机更换、系统升级、灾备部署时进行恢复验证测试。采用安装介质刻盘或磁盘克隆的系统级备份无需进行恢复验证测试。"",1503,0.11764705882352941
21,"需要验证 vpn tunnel show信息",华银制〔2014〕245号__华夏银行信息系统生产数据管理实施细则.doc,""7.1.1生产数据下载由生产数据使用部门提出申请，总行各部室需提交《华夏银行下载生产数据申请审批表（总行）》（模板参见附件5），分行（含二级分行、异地支行等）需提交《华夏银行下载生产数据申请审批表（总分行）》（模板参见附件6），明确现有信息系统的功能或功能组合无法满足数据下载需求、下载数据的原因、内容、用途及使用范围、下载数据的时间范围及使用期限（使用期限原则上不得超过3个月）、数据脱敏要求等信息。"",1533,0.06315789473684211
21,"需要验证 vpn tunnel show信息",华银制〔2014〕245号__华夏银行信息系统生产数据管理实施细则.doc,""7.1.2申请下载的生产数据中涉及中级安全等级数据或高级安全等级数据字段时，生产数据使用部门申请时应对这些字段提出脱敏需求，其中高级安全等级数据必须进行脱敏操作，中级安全等级数据如涉及敏感数据且因实际需要不能脱敏的，申请时需注明原因。"",1534,0.09090909090909091
14,"   下线的原工作机（后切换至工作备机）的配置导入厂商提供的冷备机。",华银制〔2014〕300号__华夏银行信息系统变更管理实施细则.doc,""（1）灾备环境应用系统版本变更、系统配置变更不需再进行单独审批，由负责生产环境变更实施的室负责实施，双活模式应用系统的变更应同步实施，非双活模式应用系统同城灾备环境的变更原则上安排在生产变更后的第一个周三，异地灾备环境变更原则上安排在每季度第一个月的第二周。灾备环境变更实施前，如生产环境需向灾备环境切换，切换前负责生产环境变更实施的室需进行追加变更。"",2853,0.05714285714285714
15,"    厂商提供的冷备机加点上线，与线上主机（已返厂检修送回设备）形成热备。",华银制〔2014〕332号__华夏银行分行信息系统业务操作与信息科技管理评价办法.doc,""（一）基础设施管理，重点包括机房环境设施、网络管理、主机系统与数据库管理、设备管理等内容。"",3483,0.2
14,"   下线的原工作机（后切换至工作备机）的配置导入厂商提供的冷备机。",华银制〔2014〕300号__华夏银行信息系统变更管理实施细则.doc,""（3）方案制定人负责组织制定变更方案，变更方案应包括变更计划开始时间和结束时间，实施步骤、操作分时计划（含变更中相关单位需要配合和确认的工作）、变更回退方案（含回退时间点和完成回退的时间）、变更风险评估、变更影响范围、是否会引起服务中断及服务中断时间、工作量估算、变更应急预案、变更前备份、验证方案等，与业务相关的变更还需提交测试报告。如变更系统包含多个节点，变更方案要包括每个节点的操作。对于有同城、异地灾备部署的系统，变更方案要包括同城、异地灾备环境的变更操作。方案制定人对变更方案的正确性和完整性负责。"",2814,0.04285714285714286
2,"原工作机发生重启情况，工作方式变为备份状态，设备返厂检修完毕，上线生产，同时现工作机下线返厂检修。",华银制〔2014〕309号__华夏银行信息系统问题管理实施细则.doc,""9.2总行信息技术部门负责生产运行的室每月对问题解决执行情况进行回顾，分析执行效果，识别需改进事项，并按照服务改进的要求进行跟踪改进。"",3186,0.13636363636363635
2,"原工作机发生重启情况，工作方式变为备份状态，设备返厂检修完毕，上线生产，同时现工作机下线返厂检修。",华银制〔2014〕309号__华夏银行信息系统问题管理实施细则.doc,""9.1总行信息科技部门负责生产运行的室应制定衡量问题解决执行情况的统计指标。总行信息科技部门负责项目管理的室负责总行指标统计，分行信息技术部门负责分行指标统计，并每月提交到总行。统计指标至少应包括：问题解决及时率、问题延期解决数、同等级问题平均处理时长、同等级问题最大处理时长、主动性问题占比等。"",3185,0.07058823529411765
2,"原工作机发生重启情况，工作方式变为备份状态，设备返厂检修完毕，上线生产，同时现工作机下线返厂检修。",华银制〔2014〕309号__华夏银行信息系统问题管理实施细则.doc,""5.2 技术和业务人员在系统使用、配置、维护及监控过程中发现的，如不解决可能会影响系统正常运行的情况应提出问题。"",3119,0.15
11,"返厂检修完毕的主机加电上线，同时现工作机切换至返厂检修完毕的主机。",华银制〔2014〕300号__华夏银行信息系统变更管理实施细则.doc,""（2）重要信息系统基本信息：包括系统名称、业务功能，操作系统、数据库、中间件情况，应用架构、技术架构、数据架构，生产主机备份方案、数据备份方案，运行管理部门和维护支持人员及联系方式，是否已具备灾备环境等。"",2762,0.1111111111111111
22,"五、变更的测试验证",华银制〔2014〕300号__华夏银行信息系统变更管理实施细则.doc,""（3）方案制定人负责组织制定变更方案，变更方案应包括变更计划开始时间和结束时间，实施步骤、操作分时计划（含变更中相关单位需要配合和确认的工作）、变更回退方案（含回退时间点和完成回退的时间）、变更风险评估、变更影响范围、是否会引起服务中断及服务中断时间、工作量估算、变更应急预案、变更前备份、验证方案等，与业务相关的变更还需提交测试报告。如变更系统包含多个节点，变更方案要包括每个节点的操作。对于有同城、异地灾备部署的系统，变更方案要包括同城、异地灾备环境的变更操作。方案制定人对变更方案的正确性和完整性负责。"",2814,0.04477611940298507
22,"五、变更的测试验证",华银制〔2014〕300号__华夏银行信息系统变更管理实施细则.doc,""（1）应用系统版本发布应按照我行信息科技应用系统生产版本发布的有关规定执行。提交版本发布的变更方案应包括但不限于以下内容：变更计划开始时间和结束时间，实施步骤、操作分时计划（含变更中各单位需要配合和确认的工作）、变更回退方案（含回退时间点和完成回退的时间）、变更风险评估、变更影响范围、是否会引起服务中断及服务中断时间、工作量估算、变更应急预案、变更前的备份、测试报告、验证方案等。如变更系统包含多个节点，变更方案要包括每个节点的操作。对于有同城、异地灾备部署的系统，变更方案要包括同城、异地灾备环境的变更操作。方案制定人对变更方案的正确性和完整性负责。"",2808,0.04081632653061224
22,"五、变更的测试验证",华银制〔2014〕300号__华夏银行信息系统变更管理实施细则.doc,""4.7.2.3为加强生产变更风险管理，对于具备测试条件（含性能测试）的变更，生产变更实施前，方案制定人、方案实施人等相关人员在准生产环境上进行严格、完整的模拟测试；不具备测试条件或分管变更受理室的部门负责人确认不需要测试的变更，需说明原因；纳入标准变更列表的变更，不需要进行测试。"",2891,0.0821917808219178
2,"原工作机发生重启情况，工作方式变为备份状态，设备返厂检修完毕，上线生产，同时现工作机下线返厂检修。",华银制〔2014〕309号__华夏银行信息系统问题管理实施细则.doc,""总行信息科技部门负责项目管理和需求分析的室协助问题经理做好问题管理工作，负责项目管理的室负责跟踪生产问题处理进度，重点检查超期问题；负责需求分析的室负责对需总行业务部门确认或提出需求的问题，协调相关部门明确最终处理意见。"",3084,0.08823529411764706
21,"需要验证 vpn tunnel show信息",华银制〔2014〕309号__华夏银行信息系统问题管理实施细则.doc,""总行信息科技部门负责项目管理和需求分析的室协助问题经理做好问题管理工作，负责项目管理的室负责跟踪生产问题处理进度，重点检查超期问题；负责需求分析的室负责对需总行业务部门确认或提出需求的问题，协调相关部门明确最终处理意见。"",3084,0.09836065573770492
2,"原工作机发生重启情况，工作方式变为备份状态，设备返厂检修完毕，上线生产，同时现工作机下线返厂检修。",华银制〔2014〕197号__华夏银行信息系统设备管理办法.doc,""（一）设备管理制度执行情况。"",139,0.375
2,"原工作机发生重启情况，工作方式变为备份状态，设备返厂检修完毕，上线生产，同时现工作机下线返厂检修。",华银制〔2014〕197号__华夏银行信息系统设备管理办法.doc,""第四十五条 总行信息技术部门负责设备管理的室（分行为设备管理岗）应定期组织对设备的使用和管理情况进行检查或抽查。"",137,0.15789473684210525
2,"原工作机发生重启情况，工作方式变为备份状态，设备返厂检修完毕，上线生产，同时现工作机下线返厂检修。",华银制〔2014〕197号__华夏银行信息系统设备管理办法.doc,""（四）设备实物信息登记和账实相符情况。"",142,0.3
2,"原工作机发生重启情况，工作方式变为备份状态，设备返厂检修完毕，上线生产，同时现工作机下线返厂检修。",华银制〔2014〕197号__华夏银行信息系统设备管理办法.doc,""（二）设备验收、出入库、维修、维护和报废等情况。"",140,0.5
2,"原工作机发生重启情况，工作方式变为备份状态，设备返厂检修完毕，上线生产，同时现工作机下线返厂检修。",华银制〔2014〕197号__华夏银行信息系统设备管理办法.doc,""第三十八条 符合下列情形之一的设备，总、分行相关部门均可根据使用情况提出报废申请，并填写《华夏银行信息系统设备报废审批表》（模板详见附件6），提交信息技术部门进行报废技术鉴定。"",114,0.20833333333333334
2,"原工作机发生重启情况，工作方式变为备份状态，设备返厂检修完毕，上线生产，同时现工作机下线返厂检修。",华银制〔2014〕197号__华夏银行信息系统设备管理办法.doc,""（二）应依据申请报废设备的实际维保、运行、增值情况，评估设备可否进行修复、改装，并估算修复或改装费用。"",124,0.17647058823529413
2,"原工作机发生重启情况，工作方式变为备份状态，设备返厂检修完毕，上线生产，同时现工作机下线返厂检修。",华银制〔2014〕197号__华夏银行信息系统设备管理办法.doc,""第三十二条 设备借用前，信息技术部门须将存贮介质内涉及的数据信息按照生产数据管理的有关要求进行处理并彻底清除，确保数据安全。设备借用单位将设备归还信息技术部门后，总行信息技术部门设备归口管理室（分行为信息技术部门）对所借设备的外观、性能及配件等情况进行现场检查，登记《华夏银行信息系统设备借用单》。"",104,0.09523809523809523
2,"原工作机发生重启情况，工作方式变为备份状态，设备返厂检修完毕，上线生产，同时现工作机下线返厂检修。",附件：1.华夏银行总行信息系统设备验收流程.doc,""二、于设备加电安装稳定运行1周后凭《计算机设备安装情况报告表》联系项目负责人及设备管理室进行设备现场验收。"",295,0.17142857142857143
11,"返厂检修完毕的主机加电上线，同时现工作机切换至返厂检修完毕的主机。",华银制〔2014〕245号__华夏银行信息系统生产数据管理实施细则.doc,""8.1.2生产数据非计划性修改由业务部门牵头组织，负责制定业务方案、参与技术方案的评审以及准生产环境中的测试，组织生产数据非计划性修改的实施，对数据修改的业务合规性、合法性、正确性，以及修改后的业务验证和应急业务处理负责；总行科技开发部门负责系统应用维护的室（分行信息技术部门）负责制定技术方案（包含数据修改操作步骤、应急回退操作步骤等），组织技术方案评审、修改前数据备份、依据技术方案实施数据修改操作和操作过程中的复核工作，对数据修改的可行性、操作正确性，以及修改后的技术验证和应急技术处理负责；信息技术部门负责生产运行的人员负责对数据修改进行统计。"",1607,0.041666666666666664
2,"原工作机发生重启情况，工作方式变为备份状态，设备返厂检修完毕，上线生产，同时现工作机下线返厂检修。",华银制〔2014〕314号__华夏银行信息系统事件管理实施细则.doc,""10.2总行信息科技部门负责生产运行的室每月对事件处置执行情况进行回顾，分析执行效果，识别需改进事项，并按照服务改进的要求进行跟踪改进。"",3395,0.13636363636363635
2,"原工作机发生重启情况，工作方式变为备份状态，设备返厂检修完毕，上线生产，同时现工作机下线返厂检修。",华银制〔2014〕314号__华夏银行信息系统事件管理实施细则.doc,""10.1总行信息科技部门负责生产运行的室应制定衡量事件管理执行情况的统计指标。总行信息科技部门负责生产运行的室负责总行指标统计，分行信息技术部门负责分行指标统计，并每月提交到总行。统计指标应至少包括一线解决率、事件按时解决率、事件及时响应率等。"",3394,0.08571428571428572
2,"原工作机发生重启情况，工作方式变为备份状态，设备返厂检修完毕，上线生产，同时现工作机下线返厂检修。",华银制〔2014〕314号__华夏银行信息系统事件管理实施细则.doc,""A级普通事件事件发生15分钟后，事件恶化或预计事件发生20分钟内无法解决时，由生产调度决策组报告至信息技术部门负责人、科技开发部门负责人。信息技术部门负责人或科技开发部门负责人根据事件进展情况负责向总行信息系统应急领导小组和全行处置突发事件应急工作领导小组办公室报告。"",3367,0.10810810810810811
2,"原工作机发生重启情况，工作方式变为备份状态，设备返厂检修完毕，上线生产，同时现工作机下线返厂检修。",华银制〔2014〕314号__华夏银行信息系统事件管理实施细则.doc,""二线支持人员接收到B级普通事件后，应第一时间赶赴现场或其他指定地点，对事件进行分析和处置，根据事件处置情况与相关应用系统、操作系统、中间件、数据库、网络、基础设施、安全、需求等其他二线支持人员电话联系，共同对事件进行分析和处置；如10分钟之内无法通过电话指导解决，上述相关人员应立即到现场或安排有处置能力的人到现场解决。"",3365,0.06666666666666667
2,"原工作机发生重启情况，工作方式变为备份状态，设备返厂检修完毕，上线生产，同时现工作机下线返厂检修。",华银制〔2014〕314号__华夏银行信息系统事件管理实施细则.doc,""（1）负责对服务台、二线支持人员和事件经理的工作进行监督，确保事件及时受理和处置，并跟踪处置情况。"",3302,0.17647058823529413
2,"原工作机发生重启情况，工作方式变为备份状态，设备返厂检修完毕，上线生产，同时现工作机下线返厂检修。",附件：1.华夏银行总行信息系统设备验收流程.doc,""设备管理室根据实际到货情况录入资源管理信息系统到货信息"",259,0.2608695652173913
24,"登陆生产工作主机使用命令",华银制〔2014〕300号__华夏银行信息系统变更管理实施细则.doc,""（1）重大变更是指影响全辖或一家（含）以上分行系统服务、业务中断时间3小时（含）以上的重要信息系统以及支持其运行的基础设施变更，包括应用系统阶段版本变更、重大生产环境和硬件变更、网络及核心系统应用架构变更等；其他对我行重要业务运营及重要信息系统的可用性、完整性、安全性具有较大潜在影响的变更等。重大变更计划需经分管信息科技的行领导审批同意，并正式发布。"",2747,0.06
24,"登陆生产工作主机使用命令",华银制〔2014〕300号__华夏银行信息系统变更管理实施细则.doc,""（5）本细则所称生产数据非计划性修改是指由于系统缺陷、操作错误、数据移植错误等原因造成的生产数据错误，但应用系统未提供相应修复功能且需要通过操作系统命令或数据库命令等特殊手段对生产数据直接进行后台修改的操作。"",2743,0.1
11,"返厂检修完毕的主机加电上线，同时现工作机切换至返厂检修完毕的主机。",华银制〔2014〕300号__华夏银行信息系统变更管理实施细则.doc,""（3）方案制定人负责组织制定变更方案，变更方案应包括变更计划开始时间和结束时间，实施步骤、操作分时计划（含变更中相关单位需要配合和确认的工作）、变更回退方案（含回退时间点和完成回退的时间）、变更风险评估、变更影响范围、是否会引起服务中断及服务中断时间、工作量估算、变更应急预案、变更前备份、验证方案等，与业务相关的变更还需提交测试报告。如变更系统包含多个节点，变更方案要包括每个节点的操作。对于有同城、异地灾备部署的系统，变更方案要包括同城、异地灾备环境的变更操作。方案制定人对变更方案的正确性和完整性负责。"",2814,0.05755395683453238
24,"登陆生产工作主机使用命令",华银制〔2014〕300号__华夏银行信息系统变更管理实施细则.doc,""（2）重要信息系统基本信息：包括系统名称、业务功能，操作系统、数据库、中间件情况，应用架构、技术架构、数据架构，生产主机备份方案、数据备份方案，运行管理部门和维护支持人员及联系方式，是否已具备灾备环境等。"",2762,0.15384615384615385
11,"返厂检修完毕的主机加电上线，同时现工作机切换至返厂检修完毕的主机。",华银制〔2014〕300号__华夏银行信息系统变更管理实施细则.doc,""（1）应用系统版本发布应按照我行信息科技应用系统生产版本发布的有关规定执行。提交版本发布的变更方案应包括但不限于以下内容：变更计划开始时间和结束时间，实施步骤、操作分时计划（含变更中各单位需要配合和确认的工作）、变更回退方案（含回退时间点和完成回退的时间）、变更风险评估、变更影响范围、是否会引起服务中断及服务中断时间、工作量估算、变更应急预案、变更前的备份、测试报告、验证方案等。如变更系统包含多个节点，变更方案要包括每个节点的操作。对于有同城、异地灾备部署的系统，变更方案要包括同城、异地灾备环境的变更操作。方案制定人对变更方案的正确性和完整性负责。"",2808,0.039473684210526314
24,"登陆生产工作主机使用命令",华银制〔2014〕245号__华夏银行信息系统生产数据管理实施细则.doc,""（2）本细则所称生产数据非计划性修改是指由于系统缺陷、操作错误、数据移植错误等原因造成的生产数据错误，但应用系统未提供相应修复功能且需要通过操作系统命令或数据库命令等特殊手段对生产数据直接进行后台修改的操作。"",1457,0.1
3,"实施步骤：  ",华银制〔2014〕300号__华夏银行信息系统变更管理实施细则.doc,""（1）应用系统版本发布应按照我行信息科技应用系统生产版本发布的有关规定执行。提交版本发布的变更方案应包括但不限于以下内容：变更计划开始时间和结束时间，实施步骤、操作分时计划（含变更中各单位需要配合和确认的工作）、变更回退方案（含回退时间点和完成回退的时间）、变更风险评估、变更影响范围、是否会引起服务中断及服务中断时间、工作量估算、变更应急预案、变更前的备份、测试报告、验证方案等。如变更系统包含多个节点，变更方案要包括每个节点的操作。对于有同城、异地灾备部署的系统，变更方案要包括同城、异地灾备环境的变更操作。方案制定人对变更方案的正确性和完整性负责。"",2808,0.0410958904109589
24,"登陆生产工作主机使用命令",华银制〔2014〕300号__华夏银行信息系统变更管理实施细则.doc,""重大变更实施前4周和1周，应用系统阶段版本等变更由科技开发部门分管负责人或以上人员牵头，负责项目管理的室组织完成风险评估；不涉及应用系统版本变化的操作系统、数据库、中间件、硬件升级，网络变更，生产机房、灾备机房基础设施和环境改造、场地迁移等由信息技术部门分管负责人或以上人员牵头，负责科技安全的室组织完成风险评估。评估内容包括系统功能缺陷、客户信息泄露、业务中断、交易缓慢或其他因素造成的操作风险、法律风险和声誉风险等。"",2770,0.05263157894736842
24,"登陆生产工作主机使用命令",华银制〔2014〕245号__华夏银行信息系统生产数据管理实施细则.doc,""负责提出生产数据下载、非计划性修改等生产数据使用申请，制定并验证生产数据使用申请的业务方案；负责生产数据传输交接后的存储、保密和销毁，确保使用安全。"",1470,0.13953488372093023
24,"登陆生产工作主机使用命令",华银制〔2014〕245号__华夏银行信息系统生产数据管理实施细则.doc,""负责对与本部门相关的生产数据提出加密、备份需求；审核与本条线相关生产数据下载、非计划性修改等使用申请及业务方案的合法性和合规性；组织备份数据恢复业务验证测试等工作。"",1474,0.16
24,"登陆生产工作主机使用命令",华银制〔2014〕245号__华夏银行信息系统生产数据管理实施细则.doc,""（1）信息技术部门负责制定数据备份与恢复验证测试要求；负责集中备份与恢复验证测试环境建设；负责集中备份软件部署、生产数据集中备份及集中备份作业执行结果检查，存储介质管理、备份数据恢复技术验证测试等工作；负责采取必要的安全措施，确保数据传输安全；负责分析生产数据下载、非计划性修改等对生产运行的影响。"",1466,0.0759493670886076
24,"登陆生产工作主机使用命令",华银制〔2014〕245号__华夏银行信息系统生产数据管理实施细则.doc,""生产数据管理相关部门分别为生产数据管理部门、生产数据使用部门、生产数据监督部门以及总行业务部门。"",1463,0.20689655172413793
24,"登陆生产工作主机使用命令",华银制〔2014〕245号__华夏银行信息系统生产数据管理实施细则.doc,""（5）支持集中备份信息系统的业务数据备份，由信息技术部门负责系统管理的室负责实施；由于基础软件、产品自身限制等原因不支持集中备份的信息系统，由科技开发部门负责系统应用维护的室负责实施。没有业务数据的系统，如视频会议系统、桌面管控管理系统等，无需进行业务数据备份。存放客户或银行内部账务数据的系统，包含总账系统以及向总账系统提供账务数据的系统，年末生产数据备份实行双份备份，一份本地保存，另一份同城异地保存，保存期限为永久保存。"",1493,0.05217391304347826
24,"登陆生产工作主机使用命令",华银制〔2014〕245号__华夏银行信息系统生产数据管理实施细则.doc,""生产数据备份分为系统级备份、业务数据备份与应用程序备份。系统级备份是指生产系统所使用的操作系统、数据库、中间件等基础软件的备份；业务数据备份是指生产系统所产生的数据文件、数据记录以及数据库归档日志等数据的备份；应用程序备份是指应用程序相关程序代码以及配置文件的备份。"",1485,0.10666666666666667
8,"使用厂商提供的冷备机，返厂检修完毕的主机，做线下 主备切换测试。",华银制〔2014〕300号__华夏银行信息系统变更管理实施细则.doc,""（1）应用系统版本发布应按照我行信息科技应用系统生产版本发布的有关规定执行。提交版本发布的变更方案应包括但不限于以下内容：变更计划开始时间和结束时间，实施步骤、操作分时计划（含变更中各单位需要配合和确认的工作）、变更回退方案（含回退时间点和完成回退的时间）、变更风险评估、变更影响范围、是否会引起服务中断及服务中断时间、工作量估算、变更应急预案、变更前的备份、测试报告、验证方案等。如变更系统包含多个节点，变更方案要包括每个节点的操作。对于有同城、异地灾备部署的系统，变更方案要包括同城、异地灾备环境的变更操作。方案制定人对变更方案的正确性和完整性负责。"",2808,0.03896103896103896
11,"返厂检修完毕的主机加电上线，同时现工作机切换至返厂检修完毕的主机。",华银制〔2014〕245号__华夏银行信息系统生产数据管理实施细则.doc,""（1）系统服务级别为四、五级信息系统的数据应实现异地同步复制，每日日结后进行全量数据备份，备份磁带保存期限为3个月；年末、结息日等特定业务日期实行双份备份，一份本地存放，另一份同城异地存放，其中年末数据备份永久保存，结息日等数据备份保存期限为15年。"",1489,0.0821917808219178
11,"返厂检修完毕的主机加电上线，同时现工作机切换至返厂检修完毕的主机。",华银制〔2014〕245号__华夏银行信息系统生产数据管理实施细则.doc,""负责对与本部门相关的生产数据提出加密、备份需求；审核与本条线相关生产数据下载、非计划性修改等使用申请及业务方案的合法性和合规性；组织备份数据恢复业务验证测试等工作。"",1474,0.11538461538461539
8,"使用厂商提供的冷备机，返厂检修完毕的主机，做线下 主备切换测试。",华银制〔2014〕300号__华夏银行信息系统变更管理实施细则.doc,""（2）重要信息系统基本信息：包括系统名称、业务功能，操作系统、数据库、中间件情况，应用架构、技术架构、数据架构，生产主机备份方案、数据备份方案，运行管理部门和维护支持人员及联系方式，是否已具备灾备环境等。"",2762,0.10714285714285714
5,"登陆工作主机 使用命令vpn tunnel show 记录隧道状态",华银制〔2014〕197号__华夏银行信息系统设备管理办法.doc,""第三十八条 符合下列情形之一的设备，总、分行相关部门均可根据使用情况提出报废申请，并填写《华夏银行信息系统设备报废审批表》（模板详见附件6），提交信息技术部门进行报废技术鉴定。"",114,0.13043478260869565
8,"使用厂商提供的冷备机，返厂检修完毕的主机，做线下 主备切换测试。",华银制〔2014〕245号__华夏银行信息系统生产数据管理实施细则.doc,""生产数据备份分为系统级备份、业务数据备份与应用程序备份。系统级备份是指生产系统所使用的操作系统、数据库、中间件等基础软件的备份；业务数据备份是指生产系统所产生的数据文件、数据记录以及数据库归档日志等数据的备份；应用程序备份是指应用程序相关程序代码以及配置文件的备份。"",1485,0.0759493670886076
8,"使用厂商提供的冷备机，返厂检修完毕的主机，做线下 主备切换测试。",华银制〔2014〕245号__华夏银行信息系统生产数据管理实施细则.doc,""（5）支持集中备份信息系统的业务数据备份，由信息技术部门负责系统管理的室负责实施；由于基础软件、产品自身限制等原因不支持集中备份的信息系统，由科技开发部门负责系统应用维护的室负责实施。没有业务数据的系统，如视频会议系统、桌面管控管理系统等，无需进行业务数据备份。存放客户或银行内部账务数据的系统，包含总账系统以及向总账系统提供账务数据的系统，年末生产数据备份实行双份备份，一份本地保存，另一份同城异地保存，保存期限为永久保存。"",1493,0.05042016806722689
24,"登陆生产工作主机使用命令",华银制〔2014〕300号__华夏银行信息系统变更管理实施细则.doc,""（1）应用系统版本发布应按照我行信息科技应用系统生产版本发布的有关规定执行。提交版本发布的变更方案应包括但不限于以下内容：变更计划开始时间和结束时间，实施步骤、操作分时计划（含变更中各单位需要配合和确认的工作）、变更回退方案（含回退时间点和完成回退的时间）、变更风险评估、变更影响范围、是否会引起服务中断及服务中断时间、工作量估算、变更应急预案、变更前的备份、测试报告、验证方案等。如变更系统包含多个节点，变更方案要包括每个节点的操作。对于有同城、异地灾备部署的系统，变更方案要包括同城、异地灾备环境的变更操作。方案制定人对变更方案的正确性和完整性负责。"",2808,0.04
8,"使用厂商提供的冷备机，返厂检修完毕的主机，做线下 主备切换测试。",华银制〔2014〕197号__华夏银行信息系统设备管理办法.doc,""（三）核对设备原厂信息，包括序列号和配置、用户信息、保修级别和日期等内容，检查原厂商提供的设备清单与合同要求是否一致。"",68,0.15
10,"将厂商提供的冷备机配置（即主机配置）导入返厂检修完毕的主机。",附件：1.华夏银行总行信息系统设备验收流程.doc,""设备厂商及供货商授权经办人意见：我方保证完全按照合同提供设备并承诺相关保修等服务。设备厂商：                  供货商：                              "",811,0.1935483870967742
8,"使用厂商提供的冷备机，返厂检修完毕的主机，做线下 主备切换测试。",华银制〔2014〕245号__华夏银行信息系统生产数据管理实施细则.doc,""通过备份软件集中存储的系统级备份，由信息技术部门负责系统管理的室根据需要在主机更换、系统升级、灾备部署时进行恢复验证测试。采用安装介质刻盘或磁盘克隆的系统级备份无需进行恢复验证测试。"",1503,0.10344827586206896
8,"使用厂商提供的冷备机，返厂检修完毕的主机，做线下 主备切换测试。",华银制〔2014〕245号__华夏银行信息系统生产数据管理实施细则.doc,""对于由于基础软件、产品自身限制等原因需要单独购买相应的厂商产品才能够进行恢复验证测试的信息系统，由应用维护人员、系统管理人员及厂商共同讨论确定备份数据恢复验证测试方案。"",1509,0.11320754716981132
20,"安全风险评估：",华银制〔2014〕300号__华夏银行信息系统变更管理实施细则.doc,""重大变更实施前4周和1周，应用系统阶段版本等变更由科技开发部门分管负责人或以上人员牵头，负责项目管理的室组织完成风险评估；不涉及应用系统版本变化的操作系统、数据库、中间件、硬件升级，网络变更，生产机房、灾备机房基础设施和环境改造、场地迁移等由信息技术部门分管负责人或以上人员牵头，负责科技安全的室组织完成风险评估。评估内容包括系统功能缺陷、客户信息泄露、业务中断、交易缓慢或其他因素造成的操作风险、法律风险和声誉风险等。"",2770,0.05405405405405406
20,"安全风险评估：",华银制〔2014〕300号__华夏银行信息系统变更管理实施细则.doc,""生产调度会原则上每周召开一次，讨论本周变更安排。评估范围原则上包括标准变更和解决P3级（含）以上生产问题或由网络、系统、安全等运维人员主动发起，为解决系统潜在风险进行的常规变更。如果变更不属于标准变更，且不属于解决P3级及以上生产问题的常规变更，变更方案制订人，分管变更方案制定、变更实施的部门负责人及该系统风险总包负责人应参加生产调度会。如参会人员缺席，则与该缺席人员相关的变更不在当周的调度会上讨论，不安排当周实施变更。"",2846,0.05217391304347826
5,"登陆工作主机 使用命令vpn tunnel show 记录隧道状态",华银制〔2014〕245号__华夏银行信息系统生产数据管理实施细则.doc,""7.9.1已下载生产数据使用期限到期后，数据使用部门负责及时销毁，包括各种形式存在的数据（如复制品、备份文件、压缩包文件、解压文件、导入数据库中的数据等），并对销毁过程中的安全保密工作负责。如因特殊情况需要，已下载生产数据需申请延长期限保存的，需由生产数据使用部门分管行领导审批。"",1600,0.0759493670886076
5,"登陆工作主机 使用命令vpn tunnel show 记录隧道状态",华银制〔2014〕300号__华夏银行信息系统变更管理实施细则.doc,""因特殊情况（如生产系统故障、告警等）确需进行紧急变更的，可采用电话授权或临时召开评审会的方式进行紧急审批；如紧急变更涉及应用程序补丁发布，在紧急上版前必须依据我行应用系统版本发布的有关要求完成审批；其他紧急变更必须在紧急变更实施后一个工作日内补办审批手续。紧急变更需由分行信息技术部门负责人审批同意后方可实施。"",2907,0.08888888888888889
2,"原工作机发生重启情况，工作方式变为备份状态，设备返厂检修完毕，上线生产，同时现工作机下线返厂检修。",华银制〔2014〕197号__华夏银行信息系统设备管理办法.doc,""第三条 本办法所称设备管理主要包括设备验收、出入库、安装、维修、借用、调拨与迁移、盘点、报废、监督与检查等内容。"",46,0.22857142857142856
10,"将厂商提供的冷备机配置（即主机配置）导入返厂检修完毕的主机。",华银制〔2014〕300号__华夏银行信息系统变更管理实施细则.doc,""（3）方案制定人负责组织制定变更方案，变更方案应包括变更计划开始时间和结束时间，实施步骤、操作分时计划（含变更中相关单位需要配合和确认的工作）、变更回退方案（含回退时间点和完成回退的时间）、变更风险评估、变更影响范围、是否会引起服务中断及服务中断时间、工作量估算、变更应急预案、变更前备份、验证方案等，与业务相关的变更还需提交测试报告。如变更系统包含多个节点，变更方案要包括每个节点的操作。对于有同城、异地灾备部署的系统，变更方案要包括同城、异地灾备环境的变更操作。方案制定人对变更方案的正确性和完整性负责。"",2814,0.04316546762589928
2,"原工作机发生重启情况，工作方式变为备份状态，设备返厂检修完毕，上线生产，同时现工作机下线返厂检修。",华银制〔2014〕197号__华夏银行信息系统设备管理办法.doc,""第二条 本办法所称设备主要包括计算机主机、外围设备、基础设施设备、网络设备和安全设备等类型。"",39,0.1875
10,"将厂商提供的冷备机配置（即主机配置）导入返厂检修完毕的主机。",华银制〔2014〕300号__华夏银行信息系统变更管理实施细则.doc,""（1）应用系统版本发布应按照我行信息科技应用系统生产版本发布的有关规定执行。提交版本发布的变更方案应包括但不限于以下内容：变更计划开始时间和结束时间，实施步骤、操作分时计划（含变更中各单位需要配合和确认的工作）、变更回退方案（含回退时间点和完成回退的时间）、变更风险评估、变更影响范围、是否会引起服务中断及服务中断时间、工作量估算、变更应急预案、变更前的备份、测试报告、验证方案等。如变更系统包含多个节点，变更方案要包括每个节点的操作。对于有同城、异地灾备部署的系统，变更方案要包括同城、异地灾备环境的变更操作。方案制定人对变更方案的正确性和完整性负责。"",2808,0.039473684210526314
2,"原工作机发生重启情况，工作方式变为备份状态，设备返厂检修完毕，上线生产，同时现工作机下线返厂检修。",华银制〔2014〕197号__华夏银行信息系统设备管理办法.doc,""第十一条 分行信息技术部门是分行设备管理部门，负责辖内设备配置、采购、验收、出入库、安装、维修、借用、调拨与迁移、盘点、报废、监督和检查等工作。"",57,0.2
2,"原工作机发生重启情况，工作方式变为备份状态，设备返厂检修完毕，上线生产，同时现工作机下线返厂检修。",华银制〔2014〕197号__华夏银行信息系统设备管理办法.doc,""第十条 总行信息技术部门负责系统管理、机房基础设施管理、网络管理和科技安全管理的室，须设立设备协管员，负责辖内设备实物帐登记，协助负责设备管理的室进行设备的盘点、报废等工作，参与设备验收工作。"",56,0.10714285714285714
2,"原工作机发生重启情况，工作方式变为备份状态，设备返厂检修完毕，上线生产，同时现工作机下线返厂检修。",华银制〔2014〕197号__华夏银行信息系统设备管理办法.doc,""第九条 总行信息技术部门负责机房值班管理的室负责设备进出的审批登记，定期核对设备进出及变更情况，负责设备到货验收等工作。"",55,0.2
2,"原工作机发生重启情况，工作方式变为备份状态，设备返厂检修完毕，上线生产，同时现工作机下线返厂检修。",华银制〔2014〕197号__华夏银行信息系统设备管理办法.doc,""到货验收设备开箱由供货商执行，到货验收工作组按照合同要求对设备的包装、外观、规格、数量进行检查；如在开箱检验中发现所交付的设备有短缺、损坏、不合格等与合同规定不符合的情况，供货商需按照合同在规定的时间内予以更换。"",62,0.11594202898550725
2,"原工作机发生重启情况，工作方式变为备份状态，设备返厂检修完毕，上线生产，同时现工作机下线返厂检修。",华银制〔2014〕197号__华夏银行信息系统设备管理办法.doc,""（三）核对设备原厂信息，包括序列号和配置、用户信息、保修级别和日期等内容，检查原厂商提供的设备清单与合同要求是否一致。"",68,0.15
2,"原工作机发生重启情况，工作方式变为备份状态，设备返厂检修完毕，上线生产，同时现工作机下线返厂检修。",华银制〔2014〕197号__华夏银行信息系统设备管理办法.doc,""（四）根据信息系统变更或设备升级、改造、维修、调拨、迁移等情况，及时更新资源管理信息系统有关设备信息。"",83,0.30303030303030304
2,"原工作机发生重启情况，工作方式变为备份状态，设备返厂检修完毕，上线生产，同时现工作机下线返厂检修。",华银制〔2014〕197号__华夏银行信息系统设备管理办法.doc,""第二十七条 设备归口管理室应定期对设备进行检修和保养等维护工作。"",96,0.32
2,"原工作机发生重启情况，工作方式变为备份状态，设备返厂检修完毕，上线生产，同时现工作机下线返厂检修。",华银制〔2014〕197号__华夏银行信息系统设备管理办法.doc,""第六章 设备维修、维护管理"",94,0.4
2,"原工作机发生重启情况，工作方式变为备份状态，设备返厂检修完毕，上线生产，同时现工作机下线返厂检修。",华银制〔2014〕197号__华夏银行信息系统设备管理办法.doc,""第三十条 购买维保服务设备的维修，按照维保合同的规定执行。"",99,0.2608695652173913
2,"原工作机发生重启情况，工作方式变为备份状态，设备返厂检修完毕，上线生产，同时现工作机下线返厂检修。",华银制〔2014〕197号__华夏银行信息系统设备管理办法.doc,""第二十九条 设备维修前，信息技术部门设备归口管理室须将存贮介质内涉及的数据信息按照生产数据管理的有关要求进行处理并彻底清除，确保数据安全。维修完成后，由设备归口管理室人员在相关的设备维修单上签字确认。如设备进行更换的，归口管理室人员应在资源管理信息系统中进行设备信息更新。当外单位维修人员进行现场维修时，必须由设备归口管理室人员陪同，以保证设备和信息的安全。"",98,0.07920792079207921
2,"原工作机发生重启情况，工作方式变为备份状态，设备返厂检修完毕，上线生产，同时现工作机下线返厂检修。",华银制〔2014〕197号__华夏银行信息系统设备管理办法.doc,""第二十八条 当设备出现故障需维修时，对于我行无法修理的设备，在送外维修时，需经信息技术部门设备归口管理室负责人（分行为信息技术部门负责人）审批同意。对于使用不当、管理不善等人为原因造成设备损坏的，按照我行违规行为处理的有关规定予以处理。"",97,0.08695652173913043
10,"将厂商提供的冷备机配置（即主机配置）导入返厂检修完毕的主机。",华银制〔2014〕245号__华夏银行信息系统生产数据管理实施细则.doc,""通过备份软件集中存储的系统级备份，由信息技术部门负责系统管理的室根据需要在主机更换、系统升级、灾备部署时进行恢复验证测试。采用安装介质刻盘或磁盘克隆的系统级备份无需进行恢复验证测试。"",1503,0.10714285714285714
5,"登陆工作主机 使用命令vpn tunnel show 记录隧道状态",华银制〔2014〕245号__华夏银行信息系统生产数据管理实施细则.doc,""8.1.2生产数据非计划性修改由业务部门牵头组织，负责制定业务方案、参与技术方案的评审以及准生产环境中的测试，组织生产数据非计划性修改的实施，对数据修改的业务合规性、合法性、正确性，以及修改后的业务验证和应急业务处理负责；总行科技开发部门负责系统应用维护的室（分行信息技术部门）负责制定技术方案（包含数据修改操作步骤、应急回退操作步骤等），组织技术方案评审、修改前数据备份、依据技术方案实施数据修改操作和操作过程中的复核工作，对数据修改的可行性、操作正确性，以及修改后的技术验证和应急技术处理负责；信息技术部门负责生产运行的人员负责对数据修改进行统计。"",1607,0.041666666666666664
20,"安全风险评估：",华银制〔2014〕300号__华夏银行信息系统变更管理实施细则.doc,""重大变更实施前，由信息科技部门负责科技安全或项目管理的室组织风险评估，风险评估报告须提交变更实施部门分管负责人审核。重大项目变更风险评估报告需提交高级管理层和董事会审核。"",2887,0.13043478260869565
2,"原工作机发生重启情况，工作方式变为备份状态，设备返厂检修完毕，上线生产，同时现工作机下线返厂检修。",华银制〔2014〕245号__华夏银行信息系统生产数据管理实施细则.doc,""8.5.2由于同一分行或同一业务部门的操作错误造成对生产数据非计划性修改累计三次（含）以上的，由生产数据非计划性修改实施单位通知操作错误的分行或部门，由分行或部门采取加强操作培训、现场指导等方式解决，对情节严重的给予相应处罚。"",1644,0.08955223880597014
2,"原工作机发生重启情况，工作方式变为备份状态，设备返厂检修完毕，上线生产，同时现工作机下线返厂检修。",华银制〔2014〕245号__华夏银行信息系统生产数据管理实施细则.doc,""9.2总行审计部门应对总、分行生产数据下载和非计划性修改的申请、审批、下载、脱敏、传输、存储、使用、修改、销毁等执行情况进行再监督。"",1650,0.15
2,"原工作机发生重启情况，工作方式变为备份状态，设备返厂检修完毕，上线生产，同时现工作机下线返厂检修。",华银制〔2014〕245号__华夏银行信息系统生产数据管理实施细则.doc,""8.5.5对以上三种情况，未按时限进行整改的，由生产数据管理部门起草通报，会签相关业务部门，每半年进行一次通报。"",1647,0.2222222222222222
2,"原工作机发生重启情况，工作方式变为备份状态，设备返厂检修完毕，上线生产，同时现工作机下线返厂检修。",华银制〔2014〕245号__华夏银行信息系统生产数据管理实施细则.doc,""（2）生产数据非计划性修改如涉及以下特殊情况，对总行管理的系统进行生产数据非计划性修改，由总行经办业务部门起草签报，会签内控合规部门、操作风险管理部门，对数据修改的合规性进行审核，报分管行领导审批通过后，作为数据修改申请的附件提交总行信息技术部门负责生产运行的室。对分行管理的系统进行生产数据非计划性修改，由分行经办业务部门起草签报，会签分行内控合规部门，对数据修改的合规性进行审核，报分管行领导审批通过后，作为数据修改申请的附件提交分行信息技术部门。签报至少包括修改原因、修改内容及外部影响等详细内容。"",1613,0.05673758865248227
2,"原工作机发生重启情况，工作方式变为备份状态，设备返厂检修完毕，上线生产，同时现工作机下线返厂检修。",华银制〔2014〕245号__华夏银行信息系统生产数据管理实施细则.doc,""7.9.1已下载生产数据使用期限到期后，数据使用部门负责及时销毁，包括各种形式存在的数据（如复制品、备份文件、压缩包文件、解压文件、导入数据库中的数据等），并对销毁过程中的安全保密工作负责。如因特殊情况需要，已下载生产数据需申请延长期限保存的，需由生产数据使用部门分管行领导审批。"",1600,0.14814814814814814
2,"原工作机发生重启情况，工作方式变为备份状态，设备返厂检修完毕，上线生产，同时现工作机下线返厂检修。",华银制〔2014〕245号__华夏银行信息系统生产数据管理实施细则.doc,""生产数据非计划性修改，由业务部门制定业务方案，应详细说明数据错误情况、紧急程度、修改时间要求，出具修改生产数据的依据和相关材料，说明要修改的数据笔数和内容或具体描述引发的业务问题及业务建议等。"",1610,0.13333333333333333
2,"原工作机发生重启情况，工作方式变为备份状态，设备返厂检修完毕，上线生产，同时现工作机下线返厂检修。",华银制〔2014〕245号__华夏银行信息系统生产数据管理实施细则.doc,""8.1.1正常情况下生产系统数据只允许经过规定的授权后，通过应用系统菜单进行修改。"",1606,0.2
2,"原工作机发生重启情况，工作方式变为备份状态，设备返厂检修完毕，上线生产，同时现工作机下线返厂检修。",华银制〔2014〕245号__华夏银行信息系统生产数据管理实施细则.doc,""8.1.2生产数据非计划性修改由业务部门牵头组织，负责制定业务方案、参与技术方案的评审以及准生产环境中的测试，组织生产数据非计划性修改的实施，对数据修改的业务合规性、合法性、正确性，以及修改后的业务验证和应急业务处理负责；总行科技开发部门负责系统应用维护的室（分行信息技术部门）负责制定技术方案（包含数据修改操作步骤、应急回退操作步骤等），组织技术方案评审、修改前数据备份、依据技术方案实施数据修改操作和操作过程中的复核工作，对数据修改的可行性、操作正确性，以及修改后的技术验证和应急技术处理负责；信息技术部门负责生产运行的人员负责对数据修改进行统计。"",1607,0.0684931506849315
2,"原工作机发生重启情况，工作方式变为备份状态，设备返厂检修完毕，上线生产，同时现工作机下线返厂检修。",附件：1.华夏银行总行信息系统设备验收流程.doc,""计算机设备安装情况报告表"",651,0.4
5,"登陆工作主机 使用命令vpn tunnel show 记录隧道状态",华银制〔2014〕300号__华夏银行信息系统变更管理实施细则.doc,""4.6.6重大变更、常规变更和标准变更实施人进入机房或操作间实施变更时，要按照出入机房、操作间要求提出申请，经批准后方可在机房或操作间实施变更，在提交进出机房、操作间申请时，需填写已经批准并计划执行的变更号，变更完成后需将变更完成情况告知值班人员，并在一个工作日内完成变更流程的确认。变更实施时如需使用操作系统用户口令，还应按照我行用户口令管理的相关要求进行申请及使用。"",2880,0.05660377358490566
5,"登陆工作主机 使用命令vpn tunnel show 记录隧道状态",华银制〔2014〕245号__华夏银行信息系统生产数据管理实施细则.doc,""6.1需加密的生产数据，由业务部门和科技开发部门共同提出需求，科技开发部门采用国家密码管理机构批准的加密产品、业界通用的加密算法实施，生产数据管理部门按照有关法律、法规和我行有关规定严格管理，防止生产数据被非法使用、窃取、篡改和破坏。"",1529,0.09375
5,"登陆工作主机 使用命令vpn tunnel show 记录隧道状态",华银制〔2014〕245号__华夏银行信息系统生产数据管理实施细则.doc,""5.1.4生产数据管理部门应妥善保管载有在本地前后台计算机系统内安装的全部操作系统软件（含操作系统补丁程序）、数据库、通讯软件、开发工具软件、应用软件及应用软件和数据库的环境参数（库表）等软件和数据的光盘、磁带、软盘等介质。应用软件和银行业务信息属机密档案，应严格采取保密措施存放，并建立登记簿详细记录各介质出入库情况。"",1520,0.12048192771084337
5,"登陆工作主机 使用命令vpn tunnel show 记录隧道状态",华银制〔2014〕300号__华夏银行信息系统变更管理实施细则.doc,""因特殊情况（如生产系统故障、告警等）确需进行紧急变更的，可采用电话授权或临时召开评审会的方式进行紧急审批；如紧急变更涉及应用程序补丁发布，在紧急上版前必须依据我行生产系统版本发布的有关要求完成审批；其他紧急变更必须在紧急变更实施后一个工作日内补办审批手续。紧急变更审批要求如下："",2838,0.0975609756097561
5,"登陆工作主机 使用命令vpn tunnel show 记录隧道状态",华银制〔2014〕245号__华夏银行信息系统生产数据管理实施细则.doc,""（6）数据使用期限到期后，如遇特殊情况需要延期使用的，生产数据使用部门在数据使用期限到期前5个工作日内提出延期申请，经分管行领导审批同意后可延期使用。"",1592,0.12244897959183673
5,"登陆工作主机 使用命令vpn tunnel show 记录隧道状态",华银制〔2014〕245号__华夏银行信息系统生产数据管理实施细则.doc,""（6）数据使用期限到期后，如遇特殊情况需要延期使用的，生产数据使用部门在数据使用期限到期前5个工作日内提出延期申请，经本部门负责人审批同意后可延期使用。"",1585,0.12244897959183673
7,"将现用工作主机配置导入返厂检修完毕的主机。",华银制〔2014〕197号__华夏银行信息系统设备管理办法.doc,""第十一条 分行信息技术部门是分行设备管理部门，负责辖内设备配置、采购、验收、出入库、安装、维修、借用、调拨与迁移、盘点、报废、监督和检查等工作。"",57,0.16666666666666666
2,"原工作机发生重启情况，工作方式变为备份状态，设备返厂检修完毕，上线生产，同时现工作机下线返厂检修。",附件：1.华夏银行总行信息系统设备验收流程.doc,""设备厂商及供货商授权经办人意见：我方保证完全按照合同提供设备并承诺相关保修等服务。设备厂商：                  供货商：                              "",811,0.18181818181818182
5,"登陆工作主机 使用命令vpn tunnel show 记录隧道状态",华银制〔2014〕300号__华夏银行信息系统变更管理实施细则.doc,""（2）重要信息系统基本信息：包括系统名称、业务功能，操作系统、数据库、中间件情况，应用架构、技术架构、数据架构，生产主机备份方案、数据备份方案，运行管理部门和维护支持人员及联系方式，是否已具备灾备环境等。"",2762,0.14814814814814814
5,"登陆工作主机 使用命令vpn tunnel show 记录隧道状态",华银制〔2014〕245号__华夏银行信息系统生产数据管理实施细则.doc,""生产数据备份分为系统级备份、业务数据备份与应用程序备份。系统级备份是指生产系统所使用的操作系统、数据库、中间件等基础软件的备份；业务数据备份是指生产系统所产生的数据文件、数据记录以及数据库归档日志等数据的备份；应用程序备份是指应用程序相关程序代码以及配置文件的备份。"",1485,0.1038961038961039
5,"登陆工作主机 使用命令vpn tunnel show 记录隧道状态",华银制〔2014〕245号__华夏银行信息系统生产数据管理实施细则.doc,""负责对与本部门相关的生产数据提出加密、备份需求；审核与本条线相关生产数据下载、非计划性修改等使用申请及业务方案的合法性和合规性；组织备份数据恢复业务验证测试等工作。"",1474,0.11538461538461539
22,"五、变更的测试验证",华银制〔2014〕245号__华夏银行信息系统生产数据管理实施细则.doc,""（2）分行端系统数据修改技术方案应由分行信息技术部门技术人员在测试环境中验证，并将测试结果提交分行信息技术部门负责人审核，若无法进行验证操作应由分行信息技部门负责人在审批流程中说明并制定相应的应急预案。 "",1629,0.10344827586206896
22,"五、变更的测试验证",华银制〔2014〕245号__华夏银行信息系统生产数据管理实施细则.doc,""（1）总行端数据修改技术方案由科技开发部门负责系统应用维护的室负责人、部门分管负责人，信息技术部门负责科技安全的室负责人等进行审核。审核通过后提交信息技术部门负责生产运行的室负责人审核，通过后若准生产环境具备验证条件的，应在准生产环境中运行修改脚本进行验证，并由申请人员验证修改的正确性，验证通过后，由负责生产运行的室负责人审核测试结果，并提交信息技术部门分管生产运行的负责人审批；如无法进行验证操作，应在审核流程中说明，并制定相应的应急预案后提交信息技术部门分管生产运行的负责人审批。"",1628,0.046153846153846156
12,"登陆现在工作机（即返厂检修完毕的主机）使用命令 vpn tunnel show 查看隧道状态。",华银制〔2014〕245号__华夏银行信息系统生产数据管理实施细则.doc,""8.1.2生产数据非计划性修改由业务部门牵头组织，负责制定业务方案、参与技术方案的评审以及准生产环境中的测试，组织生产数据非计划性修改的实施，对数据修改的业务合规性、合法性、正确性，以及修改后的业务验证和应急业务处理负责；总行科技开发部门负责系统应用维护的室（分行信息技术部门）负责制定技术方案（包含数据修改操作步骤、应急回退操作步骤等），组织技术方案评审、修改前数据备份、依据技术方案实施数据修改操作和操作过程中的复核工作，对数据修改的可行性、操作正确性，以及修改后的技术验证和应急技术处理负责；信息技术部门负责生产运行的人员负责对数据修改进行统计。"",1607,0.0547945205479452
12,"登陆现在工作机（即返厂检修完毕的主机）使用命令 vpn tunnel show 查看隧道状态。",华银制〔2014〕245号__华夏银行信息系统生产数据管理实施细则.doc,""7.9.1已下载生产数据使用期限到期后，数据使用部门负责及时销毁，包括各种形式存在的数据（如复制品、备份文件、压缩包文件、解压文件、导入数据库中的数据等），并对销毁过程中的安全保密工作负责。如因特殊情况需要，已下载生产数据需申请延长期限保存的，需由生产数据使用部门分管行领导审批。"",1600,0.07407407407407407
12,"登陆现在工作机（即返厂检修完毕的主机）使用命令 vpn tunnel show 查看隧道状态。",华银制〔2014〕300号__华夏银行信息系统变更管理实施细则.doc,""因特殊情况（如生产系统故障、告警等）确需进行紧急变更的，可采用电话授权或临时召开评审会的方式进行紧急审批；如紧急变更涉及应用程序补丁发布，在紧急上版前必须依据我行应用系统版本发布的有关要求完成审批；其他紧急变更必须在紧急变更实施后一个工作日内补办审批手续。紧急变更需由分行信息技术部门负责人审批同意后方可实施。"",2907,0.06521739130434782
23,"查看主备机工作状态",华银制〔2014〕197号__华夏银行信息系统设备管理办法.doc,""到货验收设备开箱由供货商执行，到货验收工作组按照合同要求对设备的包装、外观、规格、数量进行检查；如在开箱检验中发现所交付的设备有短缺、损坏、不合格等与合同规定不符合的情况，供货商需按照合同在规定的时间内予以更换。"",62,0.09523809523809523
21,"需要验证 vpn tunnel show信息",附件：6.华夏银行下载生产数据申请审批表（总分行）.doc,""下载数据内容（需明确现有信息系统的功能或功能组合无法满足数据下载需求）："",2499,0.2857142857142857
2,"原工作机发生重启情况，工作方式变为备份状态，设备返厂检修完毕，上线生产，同时现工作机下线返厂检修。",附件：8.华夏银行生产数据交接登记表.doc,""已下载生产数据接受情况："",2606,0.375
12,"登陆现在工作机（即返厂检修完毕的主机）使用命令 vpn tunnel show 查看隧道状态。",华银制〔2014〕245号__华夏银行信息系统生产数据管理实施细则.doc,""5.1.4生产数据管理部门应妥善保管载有在本地前后台计算机系统内安装的全部操作系统软件（含操作系统补丁程序）、数据库、通讯软件、开发工具软件、应用软件及应用软件和数据库的环境参数（库表）等软件和数据的光盘、磁带、软盘等介质。应用软件和银行业务信息属机密档案，应严格采取保密措施存放，并建立登记簿详细记录各介质出入库情况。"",1520,0.07058823529411765
12,"登陆现在工作机（即返厂检修完毕的主机）使用命令 vpn tunnel show 查看隧道状态。",华银制〔2014〕245号__华夏银行信息系统生产数据管理实施细则.doc,""6.1需加密的生产数据，由业务部门和科技开发部门共同提出需求，科技开发部门采用国家密码管理机构批准的加密产品、业界通用的加密算法实施，生产数据管理部门按照有关法律、法规和我行有关规定严格管理，防止生产数据被非法使用、窃取、篡改和破坏。"",1529,0.09090909090909091
12,"登陆现在工作机（即返厂检修完毕的主机）使用命令 vpn tunnel show 查看隧道状态。",华银制〔2014〕245号__华夏银行信息系统生产数据管理实施细则.doc,""如备份数据不能正确恢复，应立即查找原因，排除故障。原则上每次恢复验证测试采用全量数据恢复，即恢复业务系统某一时段的所有业务数据，涉及敏感数据的恢复需双人操作。"",1508,0.11538461538461539
12,"登陆现在工作机（即返厂检修完毕的主机）使用命令 vpn tunnel show 查看隧道状态。",华银制〔2014〕300号__华夏银行信息系统变更管理实施细则.doc,""因特殊情况（如生产系统故障、告警等）确需进行紧急变更的，可采用电话授权或临时召开评审会的方式进行紧急审批；如紧急变更涉及应用程序补丁发布，在紧急上版前必须依据我行生产系统版本发布的有关要求完成审批；其他紧急变更必须在紧急变更实施后一个工作日内补办审批手续。紧急变更审批要求如下："",2838,0.07142857142857142
12,"登陆现在工作机（即返厂检修完毕的主机）使用命令 vpn tunnel show 查看隧道状态。",华银制〔2014〕245号__华夏银行信息系统生产数据管理实施细则.doc,""通过备份软件集中存储的系统级备份，由信息技术部门负责系统管理的室根据需要在主机更换、系统升级、灾备部署时进行恢复验证测试。采用安装介质刻盘或磁盘克隆的系统级备份无需进行恢复验证测试。"",1503,0.10344827586206896
12,"登陆现在工作机（即返厂检修完毕的主机）使用命令 vpn tunnel show 查看隧道状态。",华银制〔2014〕300号__华夏银行信息系统变更管理实施细则.doc,""（3）方案制定人负责组织制定变更方案，变更方案应包括变更计划开始时间和结束时间，实施步骤、操作分时计划（含变更中相关单位需要配合和确认的工作）、变更回退方案（含回退时间点和完成回退的时间）、变更风险评估、变更影响范围、是否会引起服务中断及服务中断时间、工作量估算、变更应急预案、变更前备份、验证方案等，与业务相关的变更还需提交测试报告。如变更系统包含多个节点，变更方案要包括每个节点的操作。对于有同城、异地灾备部署的系统，变更方案要包括同城、异地灾备环境的变更操作。方案制定人对变更方案的正确性和完整性负责。"",2814,0.05673758865248227
12,"登陆现在工作机（即返厂检修完毕的主机）使用命令 vpn tunnel show 查看隧道状态。",华银制〔2014〕300号__华夏银行信息系统变更管理实施细则.doc,""（1）应用系统版本发布应按照我行信息科技应用系统生产版本发布的有关规定执行。提交版本发布的变更方案应包括但不限于以下内容：变更计划开始时间和结束时间，实施步骤、操作分时计划（含变更中各单位需要配合和确认的工作）、变更回退方案（含回退时间点和完成回退的时间）、变更风险评估、变更影响范围、是否会引起服务中断及服务中断时间、工作量估算、变更应急预案、变更前的备份、测试报告、验证方案等。如变更系统包含多个节点，变更方案要包括每个节点的操作。对于有同城、异地灾备部署的系统，变更方案要包括同城、异地灾备环境的变更操作。方案制定人对变更方案的正确性和完整性负责。"",2808,0.05194805194805195
12,"登陆现在工作机（即返厂检修完毕的主机）使用命令 vpn tunnel show 查看隧道状态。",华银制〔2014〕245号__华夏银行信息系统生产数据管理实施细则.doc,""（5）支持集中备份信息系统的业务数据备份，由信息技术部门负责系统管理的室负责实施；由于基础软件、产品自身限制等原因不支持集中备份的信息系统，由科技开发部门负责系统应用维护的室负责实施。没有业务数据的系统，如视频会议系统、桌面管控管理系统等，无需进行业务数据备份。存放客户或银行内部账务数据的系统，包含总账系统以及向总账系统提供账务数据的系统，年末生产数据备份实行双份备份，一份本地保存，另一份同城异地保存，保存期限为永久保存。"",1493,0.05042016806722689
12,"登陆现在工作机（即返厂检修完毕的主机）使用命令 vpn tunnel show 查看隧道状态。",华银制〔2014〕245号__华夏银行信息系统生产数据管理实施细则.doc,""（1）系统服务级别为四、五级信息系统的数据应实现异地同步复制，每日日结后进行全量数据备份，备份磁带保存期限为3个月；年末、结息日等特定业务日期实行双份备份，一份本地存放，另一份同城异地存放，其中年末数据备份永久保存，结息日等数据备份保存期限为15年。"",1489,0.08
12,"登陆现在工作机（即返厂检修完毕的主机）使用命令 vpn tunnel show 查看隧道状态。",华银制〔2014〕245号__华夏银行信息系统生产数据管理实施细则.doc,""生产数据备份分为系统级备份、业务数据备份与应用程序备份。系统级备份是指生产系统所使用的操作系统、数据库、中间件等基础软件的备份；业务数据备份是指生产系统所产生的数据文件、数据记录以及数据库归档日志等数据的备份；应用程序备份是指应用程序相关程序代码以及配置文件的备份。"",1485,0.10126582278481013
12,"登陆现在工作机（即返厂检修完毕的主机）使用命令 vpn tunnel show 查看隧道状态。",华银制〔2014〕245号__华夏银行信息系统生产数据管理实施细则.doc,""负责对与本部门相关的生产数据提出加密、备份需求；审核与本条线相关生产数据下载、非计划性修改等使用申请及业务方案的合法性和合规性；组织备份数据恢复业务验证测试等工作。"",1474,0.14814814814814814
12,"登陆现在工作机（即返厂检修完毕的主机）使用命令 vpn tunnel show 查看隧道状态。",华银制〔2014〕245号__华夏银行信息系统生产数据管理实施细则.doc,""（1）信息技术部门负责制定数据备份与恢复验证测试要求；负责集中备份与恢复验证测试环境建设；负责集中备份软件部署、生产数据集中备份及集中备份作业执行结果检查，存储介质管理、备份数据恢复技术验证测试等工作；负责采取必要的安全措施，确保数据传输安全；负责分析生产数据下载、非计划性修改等对生产运行的影响。"",1466,0.07228915662650602
15,"    厂商提供的冷备机加点上线，与线上主机（已返厂检修送回设备）形成热备。",华银制〔2014〕300号__华夏银行信息系统变更管理实施细则.doc,""（4）涉及基础设施的重大变更应提供基础设施基本信息：包括机房和网络方案。机房方案包括机房等级、地址、供配电系统、消防、空调、弱电系统、机房加固、机房空间规划以及机房验收报告等；网络方案包括网络架构分区、核心网络备份情况，以及区域间、外联网、互联网边界安全措施与网络监控措施等。"",2764,0.08
24,"登陆生产工作主机使用命令",华银制〔2014〕309号__华夏银行信息系统问题管理实施细则.doc,""总行信息科技部门负责项目管理和需求分析的室协助问题经理做好问题管理工作，负责项目管理的室负责跟踪生产问题处理进度，重点检查超期问题；负责需求分析的室负责对需总行业务部门确认或提出需求的问题，协调相关部门明确最终处理意见。"",3084,0.09375
12,"登陆现在工作机（即返厂检修完毕的主机）使用命令 vpn tunnel show 查看隧道状态。",华银制〔2014〕300号__华夏银行信息系统变更管理实施细则.doc,""（2）重要信息系统基本信息：包括系统名称、业务功能，操作系统、数据库、中间件情况，应用架构、技术架构、数据架构，生产主机备份方案、数据备份方案，运行管理部门和维护支持人员及联系方式，是否已具备灾备环境等。"",2762,0.14285714285714285
2,"原工作机发生重启情况，工作方式变为备份状态，设备返厂检修完毕，上线生产，同时现工作机下线返厂检修。",华银制〔2014〕300号__华夏银行信息系统变更管理实施细则.doc,""（3）分行变更经理对变更方案各要素进行审核后提交分行信息技术部门负责人审批。涉及到生产中断的变更申请，由分行信息技术部门负责人组织召开变更评审会，结合评审情况，对变更方案进行完善。"",2902,0.1111111111111111
2,"原工作机发生重启情况，工作方式变为备份状态，设备返厂检修完毕，上线生产，同时现工作机下线返厂检修。",华银制〔2014〕300号__华夏银行信息系统变更管理实施细则.doc,""5.3若在变更实施过程中遇到执行结果与预期结果不一致、执行时间滞后于预估时间、变更实施引发非预期的生产事件、执行过程中断、变更操作与变更方案不一致等情况时，变更实施人应立即向值班人员、变更经理和信息技术部门负责人报告，分行信息技术部门负责人组织采取应急措施。"",2908,0.10256410256410256
2,"原工作机发生重启情况，工作方式变为备份状态，设备返厂检修完毕，上线生产，同时现工作机下线返厂检修。",华银制〔2014〕300号__华夏银行信息系统变更管理实施细则.doc,""因特殊情况（如生产系统故障、告警等）确需进行紧急变更的，可采用电话授权或临时召开评审会的方式进行紧急审批；如紧急变更涉及应用程序补丁发布，在紧急上版前必须依据我行应用系统版本发布的有关要求完成审批；其他紧急变更必须在紧急变更实施后一个工作日内补办审批手续。紧急变更需由分行信息技术部门负责人审批同意后方可实施。"",2907,0.10869565217391304
25,"vpn tunnel show 对照变更前记录，查看隧道状态",华银制〔2014〕300号__华夏银行信息系统变更管理实施细则.doc,""对于通过自动同步方式变更的灾备环境变更，变更实施完成后不再进行后评价，灾备环境沿用生产环境变更后评价结果；对于灾备环境独立进行的变更，由负责应急与灾备管理的室对变更执行情况、变更实施后的运行情况进行记录和后评价，后评价内容应包括因变更引起的问题数量、问题发生的原因，整改措施、责任人及完成时限等。"",2859,0.07142857142857142
25,"vpn tunnel show 对照变更前记录，查看隧道状态",华银制〔2014〕300号__华夏银行信息系统变更管理实施细则.doc,""普通变更实施完成后，信息技术部门负责生产运行的室对变更执行情况、因变更引起的生产问题进行记录和后评价，后评价内容应包括因变更引起的生产问题数量、问题发生的原因，整改措施、责任人及完成时限等。负责制度与操作管理的室负责对变更操作的合规性进行抽查审计。"",2843,0.08333333333333333
15,"    厂商提供的冷备机加点上线，与线上主机（已返厂检修送回设备）形成热备。",附件：1.华夏银行总行信息系统设备验收流程.doc,""设备厂商及供货商授权经办人意见：我方保证完全按照合同提供设备并承诺相关保修等服务。设备厂商：                  供货商：                              "",811,0.24242424242424243
2,"原工作机发生重启情况，工作方式变为备份状态，设备返厂检修完毕，上线生产，同时现工作机下线返厂检修。",华银制〔2014〕245号__华夏银行信息系统生产数据管理实施细则.doc,""（3）生产数据移交应通过受控网络（不得通过办公自动化系统）或受控传输介质，通过受控网络传输不得在生产高峰期进行，通过受控介质传输，应由我行两人或两人以上使用受控介质传输，禁止在无我行两人或两人以上监督的情况下通过第三方（如快递等）进行传输。特殊情况需要其他方式传递的，需在《华夏银行生产数据交接登记表》中说明，并经生产数据管理部门负责人授权。"",1582,0.08163265306122448
2,"原工作机发生重启情况，工作方式变为备份状态，设备返厂检修完毕，上线生产，同时现工作机下线返厂检修。",华银制〔2014〕245号__华夏银行信息系统生产数据管理实施细则.doc,""（6）数据使用期限到期后，如遇特殊情况需要延期使用的，生产数据使用部门在数据使用期限到期前5个工作日内提出延期申请，经本部门负责人审批同意后可延期使用。"",1585,0.1568627450980392
2,"原工作机发生重启情况，工作方式变为备份状态，设备返厂检修完毕，上线生产，同时现工作机下线返厂检修。",华银制〔2014〕245号__华夏银行信息系统生产数据管理实施细则.doc,""（6）数据使用期限到期后，如遇特殊情况需要延期使用的，生产数据使用部门在数据使用期限到期前5个工作日内提出延期申请，经分管行领导审批同意后可延期使用。"",1592,0.1568627450980392
2,"原工作机发生重启情况，工作方式变为备份状态，设备返厂检修完毕，上线生产，同时现工作机下线返厂检修。",华银制〔2014〕245号__华夏银行信息系统生产数据管理实施细则.doc,""7.5.2目前最重要的敏感数据主要包括以下字段组合：客户名称、账户名称、账户余额、客户密码、公司营业执照号及税务登记号、客户电话号码、客户地址以及客户姓名、身份证号、工作单位、收入水平、信用情况等中级安全等级以上的数据。"",1571,0.1
2,"原工作机发生重启情况，工作方式变为备份状态，设备返厂检修完毕，上线生产，同时现工作机下线返厂检修。",华银制〔2014〕300号__华夏银行信息系统变更管理实施细则.doc,""4.6.6重大变更、常规变更和标准变更实施人进入机房或操作间实施变更时，要按照出入机房、操作间要求提出申请，经批准后方可在机房或操作间实施变更，在提交进出机房、操作间申请时，需填写已经批准并计划执行的变更号，变更完成后需将变更完成情况告知值班人员，并在一个工作日内完成变更流程的确认。变更实施时如需使用操作系统用户口令，还应按照我行用户口令管理的相关要求进行申请及使用。"",2880,0.05555555555555555
2,"原工作机发生重启情况，工作方式变为备份状态，设备返厂检修完毕，上线生产，同时现工作机下线返厂检修。",华银制〔2014〕245号__华夏银行信息系统生产数据管理实施细则.doc,""若数据下载用途是提供给第三方的，分行生产数据使用部门需起草签报，会签分行内控合规部门，报分管行领导审批通过后，作为数据下载申请的附件提交。签报内容、附件要求及第三方对数据要求紧急情况的处理流程参照7.2.2条款执行。分行内控合规部门对第三方要求提供数据相关文件的合规性进行审核。"",1552,0.07317073170731707
2,"原工作机发生重启情况，工作方式变为备份状态，设备返厂检修完毕，上线生产，同时现工作机下线返厂检修。",华银制〔2014〕300号__华夏银行信息系统变更管理实施细则.doc,""4.6.4实施过程中出现执行结果与预期结果不一致、执行时间滞后于预估时间、变更实施引发非预期的生产事件、执行过程中断等情况时，实施人应立即向值班经理和所在室负责人报告，值班经理向部门分管负责人或变更总指挥、涉及的关键系统风险总包负责人报告，部门分管负责人或变更总指挥负责组织采取应急措施。"",2878,0.0963855421686747
2,"原工作机发生重启情况，工作方式变为备份状态，设备返厂检修完毕，上线生产，同时现工作机下线返厂检修。",华银制〔2014〕245号__华夏银行信息系统生产数据管理实施细则.doc,""5.1.5任何人不得随意携带保存有生产数据的存储介质离开机房（数据下载和备份异地存放运送除外）。生产数据使用部门应指定专人做好防盗措施，防止数据丢失或被盗，若发生数据丢失或被盗，应当及时向信息技术部门负责生产运行的室报告。"",1521,0.12307692307692308
2,"原工作机发生重启情况，工作方式变为备份状态，设备返厂检修完毕，上线生产，同时现工作机下线返厂检修。",华银制〔2014〕245号__华夏银行信息系统生产数据管理实施细则.doc,""5.1.4生产数据管理部门应妥善保管载有在本地前后台计算机系统内安装的全部操作系统软件（含操作系统补丁程序）、数据库、通讯软件、开发工具软件、应用软件及应用软件和数据库的环境参数（库表）等软件和数据的光盘、磁带、软盘等介质。应用软件和银行业务信息属机密档案，应严格采取保密措施存放，并建立登记簿详细记录各介质出入库情况。"",1520,0.11764705882352941
2,"原工作机发生重启情况，工作方式变为备份状态，设备返厂检修完毕，上线生产，同时现工作机下线返厂检修。",华银制〔2014〕245号__华夏银行信息系统生产数据管理实施细则.doc,""5.1.2调出或异地存放的生产数据存储介质（采用自动备份远程复制机制除外）必须具有明确的标识，注明备份内容、备份日期等重要信息。"",1518,0.15
2,"原工作机发生重启情况，工作方式变为备份状态，设备返厂检修完毕，上线生产，同时现工作机下线返厂检修。",华银制〔2014〕245号__华夏银行信息系统生产数据管理实施细则.doc,""5.1.1信息技术部门负责生产系统数据存储介质的保管，生产数据存储介质的异地存放（采用自动备份远程复制机制除外）、调出、归还，应在《华夏银行生产数据存储介质存放登记表》（模板参见附件3）中登记。"",1517,0.11320754716981132
2,"原工作机发生重启情况，工作方式变为备份状态，设备返厂检修完毕，上线生产，同时现工作机下线返厂检修。",华银制〔2014〕245号__华夏银行信息系统生产数据管理实施细则.doc,""5.1.3数据存储介质的存放要满足介质对环境的要求。总、分行要在具备一定的防盗、防水、防火、防磁设施和抗震能力的场所进行备份数据的同城异地存放。"",1519,0.125
2,"原工作机发生重启情况，工作方式变为备份状态，设备返厂检修完毕，上线生产，同时现工作机下线返厂检修。",华银制〔2014〕245号__华夏银行信息系统生产数据管理实施细则.doc,""4.7由科技开发部门负责系统应用维护的室牵头，信息技术部负责系统管理的室配合，按照信息系统的分类，依据本细则在各系统运维手册中制定相应的备份与恢复验证测试详细方案及操作步骤，包括日常备份、特殊日期备份以及备份的具体日期、时间、备份方式、备份介质、保存期限、数据恢复验证测试频率等。"",1514,0.07407407407407407
2,"原工作机发生重启情况，工作方式变为备份状态，设备返厂检修完毕，上线生产，同时现工作机下线返厂检修。",华银制〔2014〕245号__华夏银行信息系统生产数据管理实施细则.doc,""4.6外部机构或业务部门有特殊要求的信息系统，其业务数据备份与恢复验证测试应满足相关要求。"",1513,0.17647058823529413
2,"原工作机发生重启情况，工作方式变为备份状态，设备返厂检修完毕，上线生产，同时现工作机下线返厂检修。",华银制〔2014〕300号__华夏银行信息系统变更管理实施细则.doc,""对于通过自动同步方式变更的灾备环境变更，变更实施完成后不再进行后评价，灾备环境沿用生产环境变更后评价结果；对于灾备环境独立进行的变更，由负责应急与灾备管理的室对变更执行情况、变更实施后的运行情况进行记录和后评价，后评价内容应包括因变更引起的问题数量、问题发生的原因，整改措施、责任人及完成时限等。"",2859,0.11363636363636363
2,"原工作机发生重启情况，工作方式变为备份状态，设备返厂检修完毕，上线生产，同时现工作机下线返厂检修。",华银制〔2014〕300号__华夏银行信息系统变更管理实施细则.doc,""普通变更实施完成后，信息技术部门负责生产运行的室对变更执行情况、因变更引起的生产问题进行记录和后评价，后评价内容应包括因变更引起的生产问题数量、问题发生的原因，整改措施、责任人及完成时限等。负责制度与操作管理的室负责对变更操作的合规性进行抽查审计。"",2843,0.10526315789473684
2,"原工作机发生重启情况，工作方式变为备份状态，设备返厂检修完毕，上线生产，同时现工作机下线返厂检修。",华银制〔2014〕300号__华夏银行信息系统变更管理实施细则.doc,""因特殊情况（如生产系统故障、告警等）确需进行紧急变更的，可采用电话授权或临时召开评审会的方式进行紧急审批；如紧急变更涉及应用程序补丁发布，在紧急上版前必须依据我行生产系统版本发布的有关要求完成审批；其他紧急变更必须在紧急变更实施后一个工作日内补办审批手续。紧急变更审批要求如下："",2838,0.11904761904761904
2,"原工作机发生重启情况，工作方式变为备份状态，设备返厂检修完毕，上线生产，同时现工作机下线返厂检修。",华银制〔2014〕245号__华夏银行信息系统生产数据管理实施细则.doc,""系统服务级别为四、五级信息系统的备份数据恢复业务验证测试每年进行1次，其他服务级别的无需进行备份数据恢复业务验证测试。业务验证测试可以在灾备环境中进行，也可以将备份数据恢复到数据恢复环境，再将数据导入其它环境进行。"",1507,0.09230769230769231
2,"原工作机发生重启情况，工作方式变为备份状态，设备返厂检修完毕，上线生产，同时现工作机下线返厂检修。",华银制〔2014〕245号__华夏银行信息系统生产数据管理实施细则.doc,""如备份数据不能正确恢复，应立即查找原因，排除故障。原则上每次恢复验证测试采用全量数据恢复，即恢复业务系统某一时段的所有业务数据，涉及敏感数据的恢复需双人操作。"",1508,0.11538461538461539
2,"原工作机发生重启情况，工作方式变为备份状态，设备返厂检修完毕，上线生产，同时现工作机下线返厂检修。",华银制〔2014〕245号__华夏银行信息系统生产数据管理实施细则.doc,""业务数据恢复验证测试的目的在于验证备份数据的有效性和可恢复性，具体分为备份数据恢复技术验证测试与业务验证测试，其中技术验证测试由信息技术部门负责系统管理的室负责组织方案制定与实施，业务验证测试由相关业务部门负责组织方案制定与实施。恢复验证测试方案应具有详细的操作步骤和数据恢复是否成功的验证方法与标准。"",1505,0.08888888888888889
2,"原工作机发生重启情况，工作方式变为备份状态，设备返厂检修完毕，上线生产，同时现工作机下线返厂检修。",华银制〔2014〕300号__华夏银行信息系统变更管理实施细则.doc,""重大变更实施完成后1个月内，由负责变更组织的室按照监管要求，向监管部门或其派出机构提交总结报告材料，内容包括但不限于：变更方案执行情况、效果，问题发现和处理情况，后续改进措施；如变更失败，应详细说明失败原因。"",2801,0.09375
2,"原工作机发生重启情况，工作方式变为备份状态，设备返厂检修完毕，上线生产，同时现工作机下线返厂检修。",华银制〔2014〕300号__华夏银行信息系统变更管理实施细则.doc,""（1）应用系统版本发布应按照我行信息科技应用系统生产版本发布的有关规定执行。提交版本发布的变更方案应包括但不限于以下内容：变更计划开始时间和结束时间，实施步骤、操作分时计划（含变更中各单位需要配合和确认的工作）、变更回退方案（含回退时间点和完成回退的时间）、变更风险评估、变更影响范围、是否会引起服务中断及服务中断时间、工作量估算、变更应急预案、变更前的备份、测试报告、验证方案等。如变更系统包含多个节点，变更方案要包括每个节点的操作。对于有同城、异地灾备部署的系统，变更方案要包括同城、异地灾备环境的变更操作。方案制定人对变更方案的正确性和完整性负责。"",2808,0.05194805194805195
2,"原工作机发生重启情况，工作方式变为备份状态，设备返厂检修完毕，上线生产，同时现工作机下线返厂检修。",华银制〔2014〕300号__华夏银行信息系统变更管理实施细则.doc,""（5）变更受理室负责人对变更方案进行审核，涉及到生产环境中断服务的变更申请，由变更受理室负责人组织召开变更评审会，并结合变更评审情况，对变更方案进行完善。"",2816,0.13043478260869565
2,"原工作机发生重启情况，工作方式变为备份状态，设备返厂检修完毕，上线生产，同时现工作机下线返厂检修。",华银制〔2014〕300号__华夏银行信息系统变更管理实施细则.doc,""（3）方案制定人负责组织制定变更方案，变更方案应包括变更计划开始时间和结束时间，实施步骤、操作分时计划（含变更中相关单位需要配合和确认的工作）、变更回退方案（含回退时间点和完成回退的时间）、变更风险评估、变更影响范围、是否会引起服务中断及服务中断时间、工作量估算、变更应急预案、变更前备份、验证方案等，与业务相关的变更还需提交测试报告。如变更系统包含多个节点，变更方案要包括每个节点的操作。对于有同城、异地灾备部署的系统，变更方案要包括同城、异地灾备环境的变更操作。方案制定人对变更方案的正确性和完整性负责。"",2814,0.05673758865248227
21,"需要验证 vpn tunnel show信息",附件：5.华夏银行下载生产数据申请审批表（总行）.doc,""下载数据内容（需明确现有信息系统的功能或功能组合无法满足数据下载需求）："",2426,0.2857142857142857
2,"原工作机发生重启情况，工作方式变为备份状态，设备返厂检修完毕，上线生产，同时现工作机下线返厂检修。",华银制〔2014〕245号__华夏银行信息系统生产数据管理实施细则.doc,""4生产数据备份、清理和恢复验证测试"",1480,0.3157894736842105
2,"原工作机发生重启情况，工作方式变为备份状态，设备返厂检修完毕，上线生产，同时现工作机下线返厂检修。",华银制〔2014〕245号__华夏银行信息系统生产数据管理实施细则.doc,""信息技术部门根据人民银行、银监会、公安部等部门对信息系统安全等级保护的要求，结合我行实际情况，参照其系统服务级别对信息系统进行分级，共分为五级，五级最高，一级最低。各系统生产数据备份与恢复验证测试以其系统服务级别要求为基线标准。"",1482,0.15151515151515152
2,"原工作机发生重启情况，工作方式变为备份状态，设备返厂检修完毕，上线生产，同时现工作机下线返厂检修。",华银制〔2014〕245号__华夏银行信息系统生产数据管理实施细则.doc,""4.2.3业务数据备份"",1488,0.42857142857142855
2,"原工作机发生重启情况，工作方式变为备份状态，设备返厂检修完毕，上线生产，同时现工作机下线返厂检修。",华银制〔2014〕245号__华夏银行信息系统生产数据管理实施细则.doc,""系统级备份由信息技术部门负责系统管理的室负责，基于AIX平台系统服务级别为三、四、五级的信息系统每年进行1次，保存期限为1年，备份方式主要采用磁带备份或备份软件集中备份；系统服务级别为一、二级以及非AIX平台的信息系统主要采用对基础软件安装介质进行刻盘保存与磁盘克隆的方式备份，不同平台不同基础软件、不同版本基于不同介质各备份2套。"",1487,0.0625
2,"原工作机发生重启情况，工作方式变为备份状态，设备返厂检修完毕，上线生产，同时现工作机下线返厂检修。",华银制〔2014〕245号__华夏银行信息系统生产数据管理实施细则.doc,""（1）系统服务级别为四、五级信息系统的数据应实现异地同步复制，每日日结后进行全量数据备份，备份磁带保存期限为3个月；年末、结息日等特定业务日期实行双份备份，一份本地存放，另一份同城异地存放，其中年末数据备份永久保存，结息日等数据备份保存期限为15年。"",1489,0.08
2,"原工作机发生重启情况，工作方式变为备份状态，设备返厂检修完毕，上线生产，同时现工作机下线返厂检修。",华银制〔2014〕245号__华夏银行信息系统生产数据管理实施细则.doc,""4.2.1生产数据备份类别"",1484,0.4
2,"原工作机发生重启情况，工作方式变为备份状态，设备返厂检修完毕，上线生产，同时现工作机下线返厂检修。",华银制〔2014〕245号__华夏银行信息系统生产数据管理实施细则.doc,""4.2生产数据备份"",1483,0.42857142857142855
2,"原工作机发生重启情况，工作方式变为备份状态，设备返厂检修完毕，上线生产，同时现工作机下线返厂检修。",华银制〔2014〕245号__华夏银行信息系统生产数据管理实施细则.doc,""生产数据备份分为系统级备份、业务数据备份与应用程序备份。系统级备份是指生产系统所使用的操作系统、数据库、中间件等基础软件的备份；业务数据备份是指生产系统所产生的数据文件、数据记录以及数据库归档日志等数据的备份；应用程序备份是指应用程序相关程序代码以及配置文件的备份。"",1485,0.10126582278481013
2,"原工作机发生重启情况，工作方式变为备份状态，设备返厂检修完毕，上线生产，同时现工作机下线返厂检修。",华银制〔2014〕245号__华夏银行信息系统生产数据管理实施细则.doc,""（2）系统服务级别为三级信息系统的数据备份要求为每日进行全量数据备份，备份磁带保存期限为3个月；年末生产数据实行双份备份并永久保存，一份本地存放，另一份同城异地存放。"",1490,0.11320754716981132
2,"原工作机发生重启情况，工作方式变为备份状态，设备返厂检修完毕，上线生产，同时现工作机下线返厂检修。",华银制〔2014〕245号__华夏银行信息系统生产数据管理实施细则.doc,""（5）支持集中备份信息系统的业务数据备份，由信息技术部门负责系统管理的室负责实施；由于基础软件、产品自身限制等原因不支持集中备份的信息系统，由科技开发部门负责系统应用维护的室负责实施。没有业务数据的系统，如视频会议系统、桌面管控管理系统等，无需进行业务数据备份。存放客户或银行内部账务数据的系统，包含总账系统以及向总账系统提供账务数据的系统，年末生产数据备份实行双份备份，一份本地保存，另一份同城异地保存，保存期限为永久保存。"",1493,0.06722689075630252
2,"原工作机发生重启情况，工作方式变为备份状态，设备返厂检修完毕，上线生产，同时现工作机下线返厂检修。",华银制〔2014〕245号__华夏银行信息系统生产数据管理实施细则.doc,""（4）对于系统服务级别为一级及未定级的信息系统，业务数据量低于2T（含）时，至少每周进行一次全量数据备份，数据量超过2T小于10T（含）时，至少每2周做一次全量数据备份，数据量超过10T时，每月做一次全量数据备份；除全量数据备份外，每日进行增量备份或日志备份。数据量小于10T（含）的系统，数据备份保存期限为3个月；数据量大于10T的系统，数据备份保存期限为2个月。"",1492,0.05714285714285714
2,"原工作机发生重启情况，工作方式变为备份状态，设备返厂检修完毕，上线生产，同时现工作机下线返厂检修。",华银制〔2014〕245号__华夏银行信息系统生产数据管理实施细则.doc,""4.3.3外单位人员对我行存放生产数据的设备或介质进行维修、维护时，以及有关设备或介质需送交外单位维修、维护前，由信息技术部门设备归口管理室确认设备或介质内的生产数据已经清除或消磁，并提交《华夏银行生产数据存储介质消磁登记表》。"",1499,0.11764705882352941
2,"原工作机发生重启情况，工作方式变为备份状态，设备返厂检修完毕，上线生产，同时现工作机下线返厂检修。",华银制〔2014〕245号__华夏银行信息系统生产数据管理实施细则.doc,""4.3.2 信息技术部负责系统管理的室负责对离线备份数据进行清理，清理时应对存储介质进行消磁操作，并做好消磁记录。清理完成后，清理人员提交《华夏银行生产数据存储介质消磁登记表》（模板参见附件1）"",1498,0.10909090909090909
2,"原工作机发生重启情况，工作方式变为备份状态，设备返厂检修完毕，上线生产，同时现工作机下线返厂检修。",华银制〔2014〕245号__华夏银行信息系统生产数据管理实施细则.doc,""1.4生产数据的备份方案实施、下载、非计划性修改等必须双人进行，一人操作，一人复核。"",1460,0.1935483870967742
2,"原工作机发生重启情况，工作方式变为备份状态，设备返厂检修完毕，上线生产，同时现工作机下线返厂检修。",华银制〔2014〕245号__华夏银行信息系统生产数据管理实施细则.doc,""（1）信息技术部门负责制定数据备份与恢复验证测试要求；负责集中备份与恢复验证测试环境建设；负责集中备份软件部署、生产数据集中备份及集中备份作业执行结果检查，存储介质管理、备份数据恢复技术验证测试等工作；负责采取必要的安全措施，确保数据传输安全；负责分析生产数据下载、非计划性修改等对生产运行的影响。"",1466,0.12048192771084337
2,"原工作机发生重启情况，工作方式变为备份状态，设备返厂检修完毕，上线生产，同时现工作机下线返厂检修。",华银制〔2014〕245号__华夏银行信息系统生产数据管理实施细则.doc,""2.1.2分行信息技术部门为本分行生产数据管理部门，负责生产数据备份与恢复验证测试、下载实施、非计划性修改等工作。"",1468,0.2222222222222222
2,"原工作机发生重启情况，工作方式变为备份状态，设备返厂检修完毕，上线生产，同时现工作机下线返厂检修。",华银制〔2014〕245号__华夏银行信息系统生产数据管理实施细则.doc,""（2）科技开发部门负责根据数据备份与恢复验证测试要求制定各系统的数据备份与恢复验证测试方案；负责非集中备份数据的备份以及备份作业执行结果检查；负责生产数据下载、非计划性修改等技术方案（包括脱敏方案）的制定与实施。"",1467,0.09375
2,"原工作机发生重启情况，工作方式变为备份状态，设备返厂检修完毕，上线生产，同时现工作机下线返厂检修。",华银制〔2014〕245号__华夏银行信息系统生产数据管理实施细则.doc,""1.3本细则中数据管理工作包括生产数据的备份、恢复验证测试、保密、下载、传输、非计划性修改，生产数据备份介质的保管、销毁等内容。"",1459,0.20512820512820512
2,"原工作机发生重启情况，工作方式变为备份状态，设备返厂检修完毕，上线生产，同时现工作机下线返厂检修。",华银制〔2014〕245号__华夏银行信息系统生产数据管理实施细则.doc,""负责对与本部门相关的生产数据提出加密、备份需求；审核与本条线相关生产数据下载、非计划性修改等使用申请及业务方案的合法性和合规性；组织备份数据恢复业务验证测试等工作。"",1474,0.18518518518518517
2,"原工作机发生重启情况，工作方式变为备份状态，设备返厂检修完毕，上线生产，同时现工作机下线返厂检修。",华银制〔2014〕245号__华夏银行信息系统生产数据管理实施细则.doc,""二、根据信息系统安全等级保护要求，细化调整了生产数据备份和恢复验证测试要求。"",1443,0.20689655172413793
2,"原工作机发生重启情况，工作方式变为备份状态，设备返厂检修完毕，上线生产，同时现工作机下线返厂检修。",华银制〔2014〕300号__华夏银行信息系统变更管理实施细则.doc,""重大变更实施前4周和1周，应用系统阶段版本等变更由科技开发部门分管负责人或以上人员牵头，负责项目管理的室组织完成风险评估；不涉及应用系统版本变化的操作系统、数据库、中间件、硬件升级，网络变更，生产机房、灾备机房基础设施和环境改造、场地迁移等由信息技术部门分管负责人或以上人员牵头，负责科技安全的室组织完成风险评估。评估内容包括系统功能缺陷、客户信息泄露、业务中断、交易缓慢或其他因素造成的操作风险、法律风险和声誉风险等。"",2770,0.05084745762711865
2,"原工作机发生重启情况，工作方式变为备份状态，设备返厂检修完毕，上线生产，同时现工作机下线返厂检修。",华银制〔2014〕300号__华夏银行信息系统变更管理实施细则.doc,""（1）重大变更实施前20个工作日，总行相关业务部门负责将变更情况向其业务相关的外联机构通告。"",2784,0.18181818181818182
2,"原工作机发生重启情况，工作方式变为备份状态，设备返厂检修完毕，上线生产，同时现工作机下线返厂检修。",华银制〔2014〕300号__华夏银行信息系统变更管理实施细则.doc,""③紧急变更是指根据特殊情况（如生产系统故障）需要紧急执行的普通变更。"",2751,0.2222222222222222
2,"原工作机发生重启情况，工作方式变为备份状态，设备返厂检修完毕，上线生产，同时现工作机下线返厂检修。",华银制〔2014〕300号__华夏银行信息系统变更管理实施细则.doc,""（1）重大变更是指影响全辖或一家（含）以上分行系统服务、业务中断时间3小时（含）以上的重要信息系统以及支持其运行的基础设施变更，包括应用系统阶段版本变更、重大生产环境和硬件变更、网络及核心系统应用架构变更等；其他对我行重要业务运营及重要信息系统的可用性、完整性、安全性具有较大潜在影响的变更等。重大变更计划需经分管信息科技的行领导审批同意，并正式发布。"",2747,0.057692307692307696
2,"原工作机发生重启情况，工作方式变为备份状态，设备返厂检修完毕，上线生产，同时现工作机下线返厂检修。",华银制〔2014〕300号__华夏银行信息系统变更管理实施细则.doc,""（4）涉及基础设施的重大变更应提供基础设施基本信息：包括机房和网络方案。机房方案包括机房等级、地址、供配电系统、消防、空调、弱电系统、机房加固、机房空间规划以及机房验收报告等；网络方案包括网络架构分区、核心网络备份情况，以及区域间、外联网、互联网边界安全措施与网络监控措施等。"",2764,0.16
2,"原工作机发生重启情况，工作方式变为备份状态，设备返厂检修完毕，上线生产，同时现工作机下线返厂检修。",华银制〔2014〕300号__华夏银行信息系统变更管理实施细则.doc,""（5）采取外包方式完成的重大变更，应提交外包服务机构情况、外包服务内容、外包风险评估报告等。"",2765,0.1875
2,"原工作机发生重启情况，工作方式变为备份状态，设备返厂检修完毕，上线生产，同时现工作机下线返厂检修。",华银制〔2014〕300号__华夏银行信息系统变更管理实施细则.doc,""（2）重要信息系统基本信息：包括系统名称、业务功能，操作系统、数据库、中间件情况，应用架构、技术架构、数据架构，生产主机备份方案、数据备份方案，运行管理部门和维护支持人员及联系方式，是否已具备灾备环境等。"",2762,0.25
2,"原工作机发生重启情况，工作方式变为备份状态，设备返厂检修完毕，上线生产，同时现工作机下线返厂检修。",华银制〔2014〕300号__华夏银行信息系统变更管理实施细则.doc,""（4）检查和评估变更的执行情况，确保变更工作的合规性。"",2731,0.2608695652173913
2,"原工作机发生重启情况，工作方式变为备份状态，设备返厂检修完毕，上线生产，同时现工作机下线返厂检修。",华银制〔2014〕300号__华夏银行信息系统变更管理实施细则.doc,""（3）本细则所称系统环境和硬件变更是指生产机房、灾备机房基础设施变更、场地迁移，服务器、存储、安全设备等硬件的变更等。"",2741,0.15384615384615385
10,"将厂商提供的冷备机配置（即主机配置）导入返厂检修完毕的主机。",华银制〔2014〕197号__华夏银行信息系统设备管理办法.doc,""（三）核对设备原厂信息，包括序列号和配置、用户信息、保修级别和日期等内容，检查原厂商提供的设备清单与合同要求是否一致。"",68,0.21052631578947367
8,"使用厂商提供的冷备机，返厂检修完毕的主机，做线下 主备切换测试。",附件：1.华夏银行总行信息系统设备验收流程.doc,""设备厂商及供货商授权经办人意见：我方保证完全按照合同提供设备并承诺相关保修等服务。设备厂商：                  供货商：                              "",811,0.18181818181818182
